date,index_value_usd,index_value_btc
2017-06-20,100,0.036169897
2017-06-21,103.1173728,0.03864491
2017-06-22,102.6161,0.037756074
2017-06-23,108.0892787,0.039247819
2017-06-24,99.49625386,0.037796927
2017-06-25,90.70197547,0.035543755
2017-06-26,80.93408377,0.033322389
2017-06-27,88.63619172,0.035593719
2017-06-28,95.26381265,0.037035352
2017-06-29,93.24574235,0.037022259
2017-06-30,90.56088388,0.036551711
2017-07-01,83.23200559,0.034369815
2017-07-02,87.09664425,0.034777172
2017-07-03,90.53355435,0.034575643
2017-07-04,89.08403787,0.034896872
2017-07-05,87.1744583,0.033573575
2017-07-06,82.97674286,0.032062111
2017-07-07,73.41315134,0.02909664
2017-07-08,76.61530778,0.029866372
2017-07-09,70.55159201,0.028001108
2017-07-10,55.10690068,0.023865926
2017-07-11,57.73851043,0.024409205
2017-07-12,62.97568272,0.026276765
2017-07-13,57.89422239,0.024648846
2017-07-14,52.22483295,0.024617402
2017-07-15,49.5909,0.0243
2017-07-16,46.9569528814796,0.024041529051117
2017-07-17,54.4800123440206,0.0244905720956879
2017-07-18,59.1334020779069,0.025668769974479
2017-07-19,54.1363262777722,0.0237119707928641
2017-07-20,62.7955235355207,0.0218040012276113
2017-07-21,63.4952750202118,0.0237810018802291
2017-07-22,75.7767810805792,0.0267493093812165
2017-07-23,74.4771917701513,0.0270922698889609
2017-07-24,77.055867887036,0.0279678377615224
2017-07-25,64.3211787442491,0.0251152573736642
2017-07-26,64.801574603655,0.0252803296520352
2017-07-27,64.6764625948789,0.024209158882185
2017-07-28,59.9945062729142,0.0216039936020807
2017-07-29,61.1266266520166,0.02282581765673
2017-07-30,59.3669942411635,0.0216647304420615
2017-07-31,60.3602264333761,0.0211540872632181
2017-08-01,66.4367955730008,0.0243416181775884
2017-08-02,63.9487269090894,0.0236322850081077
2017-08-03,67.2442036471594,0.0241016923345207
2017-08-04,67.9930676767773,0.0238487650610757
2017-08-05,72.3633652644235,0.0221734774106479
2017-08-06,72.4217278456128,0.0225137335613915
2017-08-07,77.6660847733015,0.0226368491212338
2017-08-08,79.0866453651837,0.0231516818777314
2017-08-09,75.5285450522995,0.0227112941767378
2017-08-10,77.3204890996203,0.02258551391625
2017-08-11,86.7011922986015,0.0237613231414301
2017-08-12,85.1491857799494,0.0220334804447063
2017-08-13,79.7559503268722,0.0196661489800996
2017-08-14,77.041997259444,0.0178245120108781
2017-08-15,75.9372522738395,0.0182776028478112
2017-08-16,78.6359412917447,0.0180991929606527
2017-08-17,76.1765362010465,0.0178366801780169
2017-08-18,69.5825186332541,0.0169808812532175
2017-08-19,72.8573960214457,0.017617750312512
2017-08-20,75.0479996056974,0.0182646089385065
2017-08-21,70.7608044113316,0.017682509211326
2017-08-22,69.5606525765181,0.0171522955663155
2017-08-23,68.9445148794324,0.0166133763089183
2017-08-24,72.2605983023096,0.0167169542437555
2017-08-25,71.7110867796261,0.016420455941735
2017-08-26,71.5770019508892,0.0165170962916641
2017-08-27,74.597066903388,0.0172150039013632
2017-08-28,74.66098661225,0.017038185161103
2017-08-29,77.4468965533667,0.0168900484465945
2017-08-30,80.9657190727847,0.01771883636086
2017-08-31,83.2590782774837,0.0176959473318662
2017-09-01,86.5710041555176,0.017625640285356
2017-09-02,76.3563910017489,0.0167144726246528
2017-09-03,76.8808500490017,0.0167753700771994
2017-09-04,63.26246615783,0.014971025012053
2017-09-05,70.9530314562272,0.0161805565647295
2017-09-06,75.7194950086735,0.0164777824866655
2017-09-07,78.1434077464751,0.0169765149795841
2017-09-08,69.3453118827149,0.0160770709579189
2017-09-09,70.3778795216089,0.0162749259018015
2017-09-10,67.9272914772332,0.0160358707585175
2017-09-11,66.7124678317656,0.015861322254053
2017-09-12,66.71454485833,0.0160558695879779
2017-09-13,61.4491455431716,0.0158354088125911
2017-09-14,47.4862796310358,0.0146594642528069
2017-09-15,57.774514551478,0.0158766991993509
2017-09-16,58.0485181813124,0.0160322249543774
2017-09-17,58.2865660438679,0.015883088894283
2017-09-18,64.0151849231485,0.0157824474059191
2017-09-19,59.1233947753999,0.015050248135475
2017-09-20,56.9256784963635,0.0145312353371854
2017-09-21,50.9277099418493,0.0141114253574532
2017-09-22,52.9330284329985,0.014732606550238
2017-09-23,55.7054748948953,0.0146730045608001
2017-09-24,53.4957947315861,0.0144986448072033
2017-09-25,58.6856272370264,0.0149588790677409
2017-09-26,58.1555815200632,0.0149318647300489
2017-09-27,63.3152933121308,0.0150495579345291
2017-09-28,63.8993204971763,0.0152539138786967
2017-09-29,60.3413583151506,0.0144895648942484
2017-09-30,62.5984530606697,0.0143622350709965
2017-10-01,62.0207303919335,0.0143878784177629
2017-10-02,58.6031752503383,0.0137304422674007
2017-10-03,58.1305613529917,0.013619711103013
2017-10-04,56.0876916978708,0.0131410765624844
2017-10-05,56.3635195056479,0.0132057016919974
2017-10-06,57.4881818780359,0.0134692046798206
2017-10-07,54.7335475782497,0.0128238071043574
2017-10-08,51.1214890561523,0.0119775191550735
2017-10-09,49.3293378221227,0.0115576267354533
2017-10-10,52.062988004546,0.0108873059133428
2017-10-11,55.2863412515109,0.0114547954723755
2017-10-12,52.1168799399607,0.00956815514483638
2017-10-13,52.2670285173685,0.00925537185926652
2017-10-14,51.750621387535,0.00887388287087412
2017-10-15,49.913766517176,0.00879043612791682
2017-10-16,52.2054102843622,0.00911790929569917
2017-10-17,51.859409298296,0.0092515059822025
2017-10-18,51.0700307798682,0.00913483501676327
2017-10-19,50.0281868741788,0.00876377535231178
2017-10-20,47.1932440161615,0.00785055918558111
2017-10-21,46.1035211185101,0.00764366355834441
2017-10-22,47.2257410911992,0.00789482553774231
2017-10-23,45.4441601274858,0.00769757273023456
2017-10-24,48.8047646955505,0.00885483742537181
2017-10-25,48.355486073146,0.00843311581324485
2017-10-26,47.434844197366,0.0080567642728194
2017-10-27,47.1066554249204,0.00817359856902772
2017-10-28,46.4927553766788,0.00811712043086431
2017-10-29,47.8168426869012,0.00778677019644104
2017-10-30,48.2287613754805,0.0078750220639326
2017-10-31,46.4262117769669,0.00720032938060435
2017-11-01,44.9760248532558,0.00667207019395749
2017-11-02,44.436324711124,0.00632532941850611
2017-11-03,47.3401311880723,0.00662543594772895
2017-11-04,46.5901416118879,0.00632658060314684
2017-11-05,45.9385416877601,0.00621808685399486
2017-11-06,45.6622534949767,0.00656036697953208
2017-11-07,46.446439410154,0.00653886019565348
2017-11-08,52.4103392529119,0.00704166516674463
2017-11-09,55.3021383720246,0.00775672843832442
2017-11-10,48.5150212995974,0.00739063664706049
2017-11-11,49.5493264395162,0.00781551142839147
2017-11-12,45.3318928108399,0.00771195819262926
2017-11-13,49.8965099881095,0.00765056256084992
2017-11-14,53.6295155116714,0.00812467473914929
2017-11-15,53.6707638243524,0.00736095223669266
2017-11-16,52.4496773046179,0.00667839082318745
2017-11-17,54.8674,0.007
2017-11-18,57.2851497074716,0.00739224267648833
2017-11-19,56.2445310261709,0.00699194462415369
2017-11-20,59.7589489007681,0.00725005597791559
2017-11-21,58.6527521476381,0.00724163481002719
2017-11-22,62.1231507976917,0.0075438040359116
2017-11-23,60.8247490057897,0.00759075864292896
2017-11-24,62.6902988485825,0.00764434734955956
2017-11-25,66.3825348149738,0.00758353332719946
2017-11-26,69.7574554768131,0.00748705125176698
2017-11-27,74.82931836365,0.00768789890918272
2017-11-28,74.4723631866757,0.00751649328782155
2017-11-29,65.0948249472345,0.00660838356312925
2017-11-30,69.4406837075575,0.00697963659886356
2017-12-01,76.6576250191614,0.0070600133559736
2017-12-02,83.042587988691,0.00760952443683494
2017-12-03,83.3163030374532,0.00741233080083355
2017-12-04,91.4483325483604,0.00786402703557842
2017-12-05,91.4150809378879,0.00783595225296932
2017-12-06,90.5493153806597,0.00658561070496457
2017-12-07,79.8380136988452,0.00474132662453241
2017-12-08,87.1681052704756,0.00542176523566411
2017-12-09,85.2247323108631,0.00574399800439592
2017-12-10,77.8567671365185,0.00517297682671393
2017-12-11,89.815475310346,0.00536737956315062
2017-12-12,100.241161437698,0.00586960776658261
2017-12-13,122.207535494355,0.00750346203214348
2017-12-14,138.113611249674,0.00838482691681104
2017-12-15,139.436678952416,0.00792492956411369
2017-12-16,167.236635980144,0.00864966675977212
2017-12-17,174.330699661266,0.00915406736381804
2017-12-18,205.168405437868,0.010818316851378
2017-12-19,224.635687821282,0.0128305549345113
2017-12-20,220.48712025874,0.0133886756313533
2017-12-21,242.276705910104,0.0154531043385814
2017-12-22,186.396499446348,0.0136569719965526
2017-12-23,213.217314591283,0.0148467513942963
2017-12-24,204.244982052879,0.0147686832629201
2017-12-25,216.300807230263,0.0156360258496058
2017-12-26,227.497753521382,0.0144569780564026
2017-12-27,230.995476392089,0.0149835162780015
2017-12-28,225.921598157156,0.0156706847592124
2017-12-29,223.217029965058,0.0155425971818699
2017-12-30,206.936458832632,0.0165132768277617
2017-12-31,237.501678301285,0.0171487547060389
2018-01-01,253.891961226993,0.0188846306094665
2018-01-02,301.515066960331,0.0204249164049832
2018-01-03,360.414431892165,0.0237993769020689
2018-01-04,456.071870069344,0.0300251928333617
2018-01-05,484.948945227281,0.0286150140923
2018-01-06,438.866440185861,0.025550786446036
2018-01-07,461.407172127426,0.0284583670016009
2018-01-08,414.103681893076,0.027660185643755
2018-01-09,391.764664359171,0.0270285608483215
2018-01-10,401.818712085106,0.0269244389943343
2018-01-11,365.222455948757,0.0274437037365894
2018-01-12,403.171741225798,0.0291088852021482
2018-01-13,422.022808297884,0.0296271122777303
2018-01-14,371.9979454628,0.0272759361462995
2018-01-15,351.934939363307,0.0257857641663509
2018-01-16,263.250420979134,0.0233129196300344
2018-01-17,289.949698013135,0.0259360929364782
2018-01-18,284.781761818772,0.0255411255334134
2018-01-19,300.733222652264,0.0261013267636424
2018-01-20,354.000900630283,0.0276910639935953
2018-01-21,307.738821467671,0.0266340689133572
2018-01-22,291.780589242453,0.0269880089832626
2018-01-23,291.789008753527,0.0268772909427604
2018-01-24,306.183297056901,0.026805349198282
2018-01-25,302.985073072876,0.0271167134958277
2018-01-26,302.191297321579,0.0272161537587274
2018-01-27,310.319607307362,0.0270750976585282
2018-01-28,319.688651100982,0.0271652594472928
2018-01-29,302.916887154677,0.0269471439447634
2018-01-30,258.88075804936,0.0256161349166608
2018-01-31,266.669237078245,0.0260694892232943
2018-02-01,227.147738219677,0.0249200212636521
2018-02-02,219.157266807259,0.0246945278118049
2018-02-03,232.558279388105,0.0251390711779654
2018-02-04,193.886189482617,0.0235503124048923
2018-02-05,151.401050916962,0.0217613101133279
2018-02-06,180.683983490024,0.0234541822098504
2018-02-07,172.608773912679,0.0227160446497194
2018-02-08,191.241432818365,0.0231507819344831
2018-02-09,206.891286859403,0.0237852006892599
2018-02-10,199.554135793647,0.0232785689714535
2018-02-11,181.907499742017,0.0224951523946045
2018-02-12,197.776387433465,0.0221860946166457
2018-02-13,187.658132811904,0.021956665728131
2018-02-14,208.904288501342,0.0220260710472598
2018-02-15,213.246248082137,0.0212432419483098
2018-02-16,221.102941204858,0.0217030153347145
2018-02-17,227.155910206855,0.0204770962859899
2018-02-18,207.093164385572,0.0198943255001193
2018-02-19,218.828901407739,0.0195701661820446
2018-02-20,205.483125872486,0.0182538088187338
2018-02-21,193.093594362079,0.0184294455580393
2018-02-22,178.701987337402,0.0181550883806088
2018-02-23,191.604626516289,0.0188346421766157
2018-02-24,181.409611764046,0.0187090039544702
2018-02-25,184.380705988828,0.0191838823947432
2018-02-26,189.354784584301,0.0183301970225485
2018-02-27,195.284537606218,0.018445953008328
2018-02-28,185.642658571965,0.0179638423891805
2018-03-01,196.60461308237,0.0179871195742449
2018-03-02,191.962077754576,0.0173738475337907
2018-03-03,189.486794162309,0.0165231762777193
2018-03-04,191.52078186024,0.0166310157678128
2018-03-05,188.784106534369,0.016507662677944
2018-03-06,177.385465545919,0.0165259700296373
2018-03-07,157.854121408565,0.0159405777244261
2018-03-08,146.578584644882,0.0157327515133857
2018-03-09,148.419310830256,0.0160386033566738
2018-03-10,138.623684125426,0.0157692670278903
2018-03-11,149.756606350932,0.0156732618466246
2018-03-12,143.259935561236,0.0157061907768282
2018-03-13,148.606672019131,0.0162232232786394
2018-03-14,131.839346879303,0.016048787738308
2018-03-15,129.217224419973,0.0155894329822124
2018-03-16,129.710634420547,0.0156794918206842
2018-03-17,118.628310350413,0.0150573732233637
2018-03-18,119.848609271237,0.0145250090315745
2018-03-19,135.069911482724,0.0156842651524736
2018-03-20,139.962507832779,0.0156847273693116
2018-03-21,150.07097677097,0.0168341595113414
2018-03-22,149.802064206155,0.0171731488341398
2018-03-23,155.164777104391,0.0173391907849431
2018-03-24,153.692826571525,0.0179824153220985
2018-03-25,151.621706511134,0.0178884405437418
2018-03-26,144.209881385582,0.0176595781812103
2018-03-27,137.159317727947,0.0175758526532349
2018-03-28,142.600253557162,0.0179113194762219
2018-03-29,126.090863204747,0.0177468537101138
2018-03-30,124.742653594496,0.0181993413703775
2018-03-31,121.262779534937,0.0174624046379488
2018-04-01,115.773969695308,0.016936096433888
2018-04-02,124.53829330301,0.0175978596988808
2018-04-03,130.223921541316,0.0175269614667878
2018-04-04,117.157942782079,0.0172080041217212
2018-04-05,125.775805407531,0.018504170183949
2018-04-06,119.670167262294,0.0180365776010788
2018-04-07,122.874675427273,0.0177773160742479
2018-04-08,124.578256045848,0.0176708751370013
2018-04-09,121.288773116503,0.0178593549594119
2018-04-10,125.040345650504,0.0181980893296829
2018-04-11,142.829248361049,0.0204659269626428
2018-04-12,158.845657314695,0.0200281747844494
2018-04-13,159.424129999987,0.0201838976119742
2018-04-14,161.88581531668,0.0201739190700342
2018-04-15,166.467022653297,0.0198693285287335
2018-04-16,162.736930095565,0.0201423793922968
2018-04-17,165.356597010259,0.0208755379021091
2018-04-18,177.359786572461,0.0216507345795046
2018-04-19,185.068068178408,0.0222916906880791
2018-04-20,196.335710113934,0.0221184456719646
2018-04-21,194.582804596386,0.0217752302879694
2018-04-22,198.187759568003,0.0224632891333082
2018-04-23,208.126937166036,0.0232063083961216
2018-04-24,231.756225246407,0.0239758153623594
2018-04-25,206.234005926244,0.0232622465827218
2018-04-26,228.058480096148,0.0245514565718751
2018-04-27,222.213227367992,0.0248596250210312
2018-04-28,247.13066278517,0.0264219593429403
2018-04-29,259.187667330947,0.0275282616043141
2018-04-30,251.806772775629,0.0272333649254541
2018-05-01,252.927756014645,0.0278560319493828
2018-05-02,260.362573174773,0.0282012076243862
2018-05-03,263.456995066938,0.0270440582221648
2018-05-04,266.097563986481,0.0274366136234171
2018-05-05,263.402695498082,0.0267521455832072
2018-05-06,253.749440256613,0.0262994212825868
2018-05-07,249.854399912169,0.0266578182170644
2018-05-08,252.00974147503,0.0274067219429125
2018-05-09,255.364193137398,0.0273930371957566
2018-05-10,240.852025413134,0.0266780413833623
2018-05-11,221.552391535467,0.0262961770406725
2018-05-12,222.530566101434,0.0262150096659941
2018-05-13,218.3196,0.026
2018-05-14,214.1087,0.0258
2018-05-15,209.897765144758,0.0256581483084583
2018-05-16,217.391739922231,0.0260371216655565
2018-05-17,205.845704327378,0.0255100510989166
2018-05-18,215.132607462081,0.0260785763161056
2018-05-19,213.859007930079,0.0259289669503046
2018-05-20,224.839144814366,0.0263460937483877
2018-05-21,222.840360000492,0.0264681157355203
2018-05-22,201.943040795361,0.0252655243255969
2018-05-23,183.698640171117,0.0244715843997645
2018-05-24,194.670168961488,0.0256642034257783
2018-05-25,187.122806774219,0.0250319458560149
2018-05-26,187.212906474896,0.0254671590805378
2018-05-27,183.203340134941,0.0248783049566865
2018-05-28,163.070785499907,0.0228923327830198
2018-05-29,179.363289331485,0.0239925532059468
2018-05-30,177.285054577672,0.0239868723484589
2018-05-31,181.196858083006,0.024159420014934
2018-06-01,180.027827749977,0.02389811257324
2018-06-02,188.909266077709,0.0247142130600436
2018-06-03,193.872560162305,0.0251139042637897
2018-06-04,184.735946609351,0.0246163615128522
2018-06-05,190.682637039939,0.0249881910597739
2018-06-06,192.527748081485,0.0251313820374351
2018-06-07,190.793959368487,0.0247775674578278
2018-06-08,186.48370262559,0.0244492476611352
2018-06-09,181.452119520586,0.0241539712179857
2018-06-10,153.846777893141,0.0227120342928846
2018-06-11,159.155006918186,0.0231110598397431
2018-06-12,144.588609917061,0.0220548990469673
2018-06-13,136.460519636901,0.0216247362899758
2018-06-14,147.66630619119,0.0222133762244875
2018-06-15,140.433000378118,0.0219539763281252
2018-06-16,143.763093400429,0.0221069916932074
2018-06-17,143.506408131183,0.0222079450027674
2018-06-18,149.569955127711,0.022270822805334
2018-06-19,153.073637627794,0.0227161429074835
2018-06-20,151.081076647245,0.0223450737283447
2018-06-21,150.480487635949,0.0223906973018983
2018-06-22,131.089830269914,0.021667489842252
2018-06-23,132.359564164083,0.0214454091611673
2018-06-24,123.707376490465,0.0200964272876745
2018-06-25,129.076157193212,0.0206137940209294
2018-06-26,118.548229047634,0.0194820425715093
2018-06-27,121.399818004314,0.0197668707408051
2018-06-28,114.564641110563,0.0195108255678471
2018-06-29,121.144471751465,0.019530894036875
2018-06-30,126.940378351589,0.0198786952748838
2018-07-01,127.643512769737,0.0201285061523563
2018-07-02,136.463944701514,0.0206274120347047
2018-07-03,131.754335357564,0.0202391342632374
2018-07-04,135.108197525017,0.0205023759954683
2018-07-05,132.829913350908,0.0203279770184759
2018-07-06,132.35606507471,0.020042561434747
2018-07-07,133.648999530187,0.0197783739332232
2018-07-08,131.05656495091,0.0195398291302431
2018-07-09,124.963112604744,0.0187429393411552
2018-07-10,114.380328367365,0.0181366074219651
2018-07-11,114.460685636126,0.0178988851397807
2018-07-12,109.047928546903,0.017460910922348
2018-07-13,113.033592844768,0.0181463757117555
2018-07-14,112.560376667489,0.0179558788185609
2018-07-15,115.935108654842,0.0182153010356861
2018-07-16,124.716149978547,0.0185023699814625
2018-07-17,132.27564624125,0.0180506912847076
2018-07-18,129.075699194061,0.0174803155979314
2018-07-19,125.493255871468,0.0167787883153818
2018-07-20,114.428451400072,0.0156026740751949
2018-07-21,118.759602061579,0.0160356579977477
2018-07-22,117.700007481548,0.0159121368202427
2018-07-23,115.893682931836,0.015017562426296
2018-07-24,121.301302140622,0.0144461000879645
2018-07-25,123.20610649022,0.0150727980663513
2018-07-26,120.190591873391,0.0151493171400326
2018-07-27,125.360442054672,0.0153185893719318
2018-07-28,127.446650397806,0.0154825157043613
2018-07-29,128.326740712018,0.0156161230814934
2018-07-30,122.71096297577,0.0150154194673698
2018-07-31,115.841705471759,0.0149597479030005
2018-08-01,109.272257698467,0.0143547532731323
2018-08-02,115.420129881315,0.015311750698303
2018-08-03,104.186165133592,0.0140452940174999
2018-08-04,102.341803265136,0.0145869992510129
2018-08-05,100.689608142556,0.0142976472678389
2018-08-06,97.6140425954062,0.0140566537873929
2018-08-07,92.4360079145425,0.0137549489471359
2018-08-08,81.6235561118045,0.0129851201193466
2018-08-09,87.4943019245747,0.0133661120144844
2018-08-10,79.8737890759246,0.0129791240645829
2018-08-11,75.8463189789906,0.012145166033997
2018-08-12,76.665061081072,0.0121292042148926
2018-08-13,66.1065298527258,0.0105594738120129
2018-08-14,62.3573730558257,0.0100595553759951
2018-08-15,64.1570108939323,0.0102397272195247
2018-08-16,67.7861696121002,0.0107225719194947
2018-08-17,82.4829465609808,0.01251846993595
2018-08-18,74.502543529554,0.0116282132228645
2018-08-19,77.049186506107,0.011854341074165
2018-08-20,70.7778539807498,0.0112946207667026
2018-08-21,75.2591455891036,0.0115942230949045
2018-08-22,69.1348511909035,0.0108573196082191
2018-08-23,70.1819109164492,0.0107311298138463
2018-08-24,75.9975730750806,0.0113282960170944
2018-08-25,73.4406780771754,0.0108823414121094
2018-08-26,73.7477730560815,0.0109834257790026
2018-08-27,79.3133440307275,0.0114675310974775
2018-08-28,88.8866556654187,0.0125343414485639
2018-08-29,85.900664512489,0.0121843704406466
2018-08-30,83.7152064758315,0.0119600498996126
2018-08-31,84.574408037197,0.0120368341854457
2018-09-01,88.7778464959969,0.0123242997129161
2018-09-02,86.8734956819238,0.01189824590206
2018-09-03,86.6131369921657,0.0119161998580407
2018-09-04,88.8426616539847,0.0120568764687581
2018-09-05,73.2280326416127,0.0109271596592408
2018-09-06,74.8834685131235,0.0114932680492007
2018-09-07,71.3741162543162,0.0111212053049494
2018-09-08,66.9868162616944,0.0108038372882667
2018-09-09,66.8742682379742,0.0107010129450429
2018-09-10,66.6758804546058,0.0105404079925204
2018-09-11,63.3825795073914,0.0100710697346944
2018-09-12,63.115778002627,0.00995603372573756
2018-09-13,66.9679664388506,0.010315285236826
2018-09-14,66.9809594276938,0.0103302389473878
2018-09-15,68.4362288769607,0.0104924596816765
2018-09-16,68.2373242639075,0.0104934005031475
2018-09-17,62.7199180197976,0.0100167880468831
2018-09-18,64.7404122222112,0.0102031656124006
2018-09-19,65.2613092588291,0.0101934640774021
2018-09-20,69.2543019262641,0.0106432752397107
2018-09-21,75.8345749529423,0.0112147646421182
2018-09-22,72.5171952823518,0.0107986733859218
2018-09-23,73.9016813809702,0.0110256091743171
2018-09-24,70.2212169863415,0.0106686585080153
2018-09-25,68.5393465444476,0.0106479308335336
2018-09-26,67.8885222676674,0.0105046361698584
2018-09-27,71.8628648700404,0.0107480507962065
2018-09-28,70.4504009102913,0.0106216135277866
2018-09-29,71.2481871983753,0.0107937897692532
2018-09-30,71.3266383423235,0.0107683330478436
2018-10-01,70.8037714661625,0.0107359286411377
2018-10-02,71.9568175517577,0.0110242998128969
2018-10-03,69.9428842167014,0.0107676994985392
2018-10-04,71.511719551636,0.0108668864333028
2018-10-05,73.7127923381574,0.0111132575096689
2018-10-06,72.7935746446795,0.0110444570509728
2018-10-07,76.4283297903516,0.0115694096172689
2018-10-08,76.634158912172,0.0115230326218359
2018-10-09,76.4009229079128,0.0115212587136629
2018-10-10,76.2069525947884,0.0115837867006531
2018-10-11,65.9135373623366,0.0106223546895162
2018-10-12,68.2120885770037,0.0109236432987406
2018-10-13,69.5689364249058,0.0111113943940498
2018-10-14,68.9581099115756,0.0109879863474377
2018-10-15,73.4748901303481,0.0110834876742937
2018-10-16,73.051518622749,0.0110695488558375
2018-10-17,74.1607094995424,0.0112682737218045
2018-10-18,72.485581854451,0.0111566963617801
2018-10-19,73.6210983456476,0.0114015455187954
2018-10-20,74.246994285068,0.0114367394944952
2018-10-21,74.1485968500811,0.0114087545700245
2018-10-22,73.9686405734606,0.0114198514151157
2018-10-23,73.7206668981915,0.0114076346312568
2018-10-24,73.7571532585943,0.0113802229057581
2018-10-25,72.9236443729584,0.0112869665722743
2018-10-26,73.3232374211804,0.0113564796225304
2018-10-27,72.1103349495672,0.0111483701303234
2018-10-28,73.0715057696063,0.0113090570417634
2018-10-29,69.4993910665089,0.0110183093336323
2018-10-30,69.7679203673484,0.0110752977326008
2018-10-31,70.7308865177024,0.0111623267576605
2018-11-01,71.4529849256175,0.0112328761545042
2018-11-02,72.5815724665027,0.0113653053051741
2018-11-03,71.9692549638735,0.0112925904373178
2018-11-04,73.3023337619061,0.0113592067082261
2018-11-05,72.9029563605494,0.0113490575939572
2018-11-06,74.3763731251957,0.0114965949275996
2018-11-07,73.8886609828951,0.01130949455762
2018-11-08,71.8261108838765,0.0111412881995671
2018-11-09,70.6342062369028,0.0110814533306519
2018-11-10,70.7366002280333,0.0110885331248804
2018-11-11,69.8848910063182,0.0108986234998054
2018-11-12,68.9515845201572,0.0108027758595073
2018-11-13,66.8563269961809,0.010530856101139
2018-11-14,59.5600331900765,0.0103563905861005
2018-11-15,58.1381668571798,0.0102888742169907
2018-11-16,56.5524128522531,0.0101813946554227
2018-11-17,55.8878490863054,0.0100599708012205
2018-11-18,56.5742768759155,0.0100971745177946
2018-11-19,46.0144020907467,0.00953335965003239
2018-11-20,40.7790965219324,0.00913250007776287
2018-11-21,43.5958834615511,0.00949022656791221
2018-11-22,40.422024506567,0.00938960195816103
2018-11-23,39.6600539393413,0.00912809358964579
2018-11-24,35.696542341093,0.00929085344473523
2018-11-25,36.1273648402998,0.00901560543448924
2018-11-26,34.2049923483509,0.00905022931266103
2018-11-27,34.9459080371577,0.00914264162932111
2018-11-28,40.6099993340803,0.00954404292665698
2018-11-29,41.432534767757,0.00968620834470595
2018-11-30,38.3910852273758,0.00959079939510867
2018-12-01,40.4353631696315,0.00964850884348142
2018-12-02,39.7678650598332,0.00964151921955012
2018-12-03,37.3481177069734,0.00966587283558803
2018-12-04,39.0658228619245,0.0099389425854212
2018-12-05,37.43413675091,0.0100379876273177
2018-12-06,32.9478455163271,0.00944821004998643
2018-12-07,32.8229595633775,0.00961133290879714
2018-12-08,33.2791143387016,0.00963854919937412
2018-12-09,34.2570515092824,0.00956000130415737
2018-12-10,32.8289386524002,0.00948239601037434
2018-12-11,32.8205364548143,0.00968657093164252
2018-12-12,33.4608538261131,0.00963943354940069
2018-12-13,31.676301337376,0.00961795754860962
2018-12-14,30.5214098188424,0.0094672745824273
2018-12-15,30.6155856712813,0.00948954124904135
2018-12-16,31.1293066059204,0.00959574968236773
2018-12-17,34.3026503820668,0.00968878690377275
2018-12-18,35.7829396615679,0.00980486422964287
2018-12-19,36.6105187823767,0.00986815107388185
2018-12-20,40.2469078317855,0.00985945716247513
2018-12-21,40.8069324413186,0.0105501334919256
2018-12-22,43.3866852456429,0.0107560179251547
2018-12-23,44.0478241117689,0.0110111773450083
2018-12-24,44.6741846403082,0.0109538072302146
2018-12-25,41.3735065958329,0.0108099181781889
2018-12-26,42.062348504309,0.0108939784087159
2018-12-27,37.8276065237881,0.0104023548075945
2018-12-28,42.7270303490335,0.0108424244822978
2018-12-29,41.2531319273039,0.0108569342758766
2018-12-30,41.8849876964704,0.0107692678067595
2018-12-31,39.9244537987213,0.0106880000009427
2019-01-01,41.5081271956983,0.0106996953701557
2019-01-02,42.6432741300516,0.0107874830822745
2019-01-03,41.3960682569802,0.0108312957243419
2019-01-04,43.4829070712529,0.011219555655636
2019-01-05,43.8744681487471,0.0113931033022997
2019-01-06,45.9176086278022,0.0112024157891329
2019-01-07,45.5007645372719,0.0112867790849188
2019-01-08,48.4061369706883,0.0120092874232805
2019-01-09,50.0129764367613,0.0124091763786747
2019-01-10,44.6579272159949,0.0121835948280294
2019-01-11,44.4386028168809,0.0121633978163811
2019-01-12,43.4469645477776,0.0118527807608223
2019-01-13,40.2643349955811,0.0113501887746939
2019-01-14,45.6725795712011,0.0123419186849422
2019-01-15,44.1925838817722,0.0122061270207651
2019-01-16,46.476864905743,0.0127863626669343
2019-01-17,47.4070970512321,0.0129398560943205
2019-01-18,46.6182499714048,0.0128452501274612
2019-01-19,47.5030428023615,0.0127742058551944
2019-01-20,45.9754397980608,0.0129009085733438
2019-01-21,47.2689723738143,0.0132856753050151
2019-01-22,48.7600831000995,0.0135048373574992
2019-01-23,48.0506058435489,0.0134539388688526
2019-01-24,48.5096675187583,0.0134602122704059
2019-01-25,48.0335631445904,0.0134296177176182
2019-01-26,49.8796047539407,0.0138727193429381
2019-01-27,49.4177332947048,0.0138565410178175
2019-01-28,45.2217613034295,0.0130917415254807
2019-01-29,45.4690116768862,0.0132857293415125
2019-01-30,45.7097152131774,0.0131700060734181
2019-01-31,43.6737548890259,0.0126852172621053
2019-02-01,45.0178084864008,0.0129372443918916
2019-02-02,45.2768318724373,0.01283920170592
2019-02-03,44.6665100385217,0.0129018255763584
2019-02-04,45.8507990477752,0.0133043446188544
2019-02-05,46.2848792941728,0.0133722915106748
2019-02-06,45.9890841253979,0.013487844441659
2019-02-07,45.6427996789956,0.0134780218938912
2019-02-08,48.6261616143151,0.0132415853353835
2019-02-09,48.9932969965619,0.0133882264679564
2019-02-10,49.6051782483363,0.0133974386377939
2019-02-11,48.5071505002864,0.0133699861619505
2019-02-12,48.153489998608,0.0132655254327843
2019-02-13,47.357699782865,0.013054802193136
2019-02-14,46.4261723530511,0.0129187221811842
2019-02-15,47.5792163568155,0.0132644327048576
2019-02-16,47.792795124045,0.0132649028876732
2019-02-17,48.7609939679083,0.0133355851947808
2019-02-18,50.9119337111481,0.0130414081105645
2019-02-19,52.3668219124281,0.0133643399509354
2019-02-20,52.7419773775124,0.0133092749602964
2019-02-21,51.625730872069,0.0131686748614676
2019-02-22,53.0111724732723,0.0133240535878497
2019-02-23,53.7127708563838,0.0129897807927072
2019-02-24,49.9191780222421,0.0132640137675083
2019-02-25,50.15873698443,0.0130895255392625
2019-02-26,49.9701531543041,0.0131489802883375
2019-02-27,50.6147210850829,0.0132467787256757
2019-02-28,50.8752612131984,0.013327519223829
2019-03-01,52.7482752553653,0.0138068165624599
2019-03-02,52.7807244577005,0.0138028123860723
2019-03-03,51.6336659403689,0.0136248719639586
2019-03-04,51.0025416692608,0.0137083954252636
2019-03-05,55.8509115851824,0.0144766653313141
2019-03-06,56.7387302580592,0.0147040574054218
2019-03-07,57.9475441976798,0.0149566076994939
2019-03-08,56.3016394732685,0.0146188040446754
2019-03-09,58.0511837764823,0.0148208765792691
2019-03-10,58.3975449102504,0.014990301049794
2019-03-11,57.1637274401476,0.0148346598995654
2019-03-12,59.7514691732761,0.0154682244087649
2019-03-13,59.0473752314008,0.0152949636062895
2019-03-14,59.1887341267054,0.0153214823598066
2019-03-15,59.9364717864869,0.015349377607302
2019-03-16,61.8767110409775,0.0154347050410968
2019-03-17,61.0177966908085,0.0153778307759244
2019-03-18,60.4891792476156,0.015240542062823
2019-03-19,60.636710955748,0.0151341524341672
2019-03-20,60.931491583981,0.0150862958410856
2019-03-21,58.948308326374,0.0147587256970013
2019-03-22,60.9023625073478,0.015238162720608
2019-03-23,62.1692351232717,0.0155729026044941
2019-03-24,64.599492679863,0.016224169156752
2019-03-25,62.7783532160948,0.0160166132855089
2019-03-26,62.0329002817198,0.0157784733178447
2019-03-27,64.6055028335119,0.0160112029899539
2019-03-28,65.2497626221722,0.0162318687835363
2019-03-29,66.2372162796703,0.0161502259132586
2019-03-30,66.7273892445535,0.0162753942413147
2019-03-31,67.99269703175209,0.016603873765687362
2019-04-01,69.75120963306728,0.01686033590356956
2019-04-02,77.74709847596439,0.015860507693085047
2019-04-03,75.03493422356797,0.015079458723337956
2019-04-04,75.2758291826045,0.015342093672381783
2019-04-05,79.10403786543085,0.01569530789118823
2019-04-06,77.80825674409674,0.015433889610622612
2019-04-07,79.79794367403845,0.01536289393439576
2019-04-08,78.69642469301073,0.014889003714475858
2019-04-09,77.38739084631307,0.014903399230888776
2019-04-10,77.16993938065974,0.014506854786713113
2019-04-11,71.13857428160223,0.014110037146518482
2019-04-12,72.93617115262325,0.014362631400680803
2019-04-13,73.5238605781234,0.014512567669411001
2019-04-14,75.71277325884515,0.014665287534254258
2019-04-15,73.25038800343435,0.01456273034408306
2019-04-16,75.5240529114645,0.014515761000877299
2019-04-17,75.70427339138432,0.01447708053571436
2019-04-18,79.9681625246847,0.015137601159374322
2019-04-19,83.27024410232177,0.015741334749045214
2019-04-20,84.2596559664301,0.015838608686726624
2019-04-21,82.07095402612958,0.01549385577234842
2019-04-22,81.49076245512327,0.015127861152283966
2019-04-23,78.41378281465241,0.014172659674601674
2019-04-24,77.2362090392579,0.014192093094567988
2019-04-25,72.96699988824948,0.014210262870145044
2019-04-26,73.25560732540885,0.01420577055808578
2019-04-27,73.35792266985865,0.014187506801891202
2019-04-28,73.36349090750966,0.014229450789411756
2019-04-29,70.70631019132558,0.013732047036575176
2019-04-30,73.6832738511724,0.013982946014178243
2019-05-01,73.53757915868842,0.01381506277638332
2019-05-02,75.29078365136361,0.013968579585448563
2019-05-03,76.02297787759501,0.01343584694083917
2019-05-04,74.0879903654247,0.012841296811241285
2019-05-05,74.0924901529404,0.01296261457644876
2019-05-06,73.87784649470876,0.012989739862627697
2019-05-07,70.19888206907514,0.01221177186047657
2019-05-08,71.62033732952584,0.012055489552832291
2019-05-09,66.93372789729467,0.010878403337823575
2019-05-10,70.2628719137829,0.011076985832534502
2019-05-11,75.77980630466473,0.010495890733961417
2019-05-12,72.87637708954686,0.010446353999576687
2019-05-13,77.73876903234942,0.009938477247807392
2019-05-14,82.23303092713466,0.01029080893403196
2019-05-15,92.64474374014499,0.011293566963149674
2019-05-16,89.30813023977541,0.011333519065961346
2019-05-17,85.70551690633667,0.011641734344618886
2019-05-18,89.64343595500559,0.012336026305252048
2019-05-19,93.00960552262312,0.011342634819832088
2019-05-20,92.5620612346892,0.01156303076011108
2019-05-21,98.23418903592194,0.012353860059600078
2019-05-22,93.06772439101879,0.012203234570997208
2019-05-23,95.36976748051067,0.012102762370623183
2019-05-24,99.69263139193339,0.012461578923991674
2019-05-25,100.72923216781511,0.012490232938831133
2019-05-26,101.30145830243139,0.011595464705016012
2019-05-27,105.55286030469759,0.012027102726642654
2019-05-28,104.87653284843508,0.012026987402487938
2019-05-29,104.44022977896259,0.012055645822776693
2019-05-30,97.35606873854717,0.01176116107963352
2019-05-31,101.66473635107575,0.011884968816103202
2019-06-01,104.78279283504173,0.012246316775305329
2019-06-02,106.15772253688843,0.012150988952949212
2019-06-03,96.88744419455175,0.011949684469508538
2019-06-04,94.64702873715777,0.012338355139012297
2019-06-05,97.6272494743361,0.012531962922204919
2019-06-06,97.42531137169964,0.012486310455619064
2019-06-07,99.76056019686649,0.012469290693939941
2019-06-08,99.29712739920652,0.012521484790836796
2019-06-09,93.30840741178868,0.012209786238309976
2019-06-10,99.79268355967301,0.012443133151245404
2019-06-11,98.78249509505045,0.012473324716844555
2019-06-12,105.27058824875954,0.012875529689110292
2019-06-13,107.0236298858727,0.012991457864271996
2019-06-14,101.60648400033801,0.011682209452366761
2019-06-15,103.27735003723286,0.011660283909144193
2019-06-16,102.37632531898304,0.011405269842571217
2019-06-17,106.57624546860914,0.011418704006288024
2019-06-18,105.5362147668776,0.01162441619930273
2019-06-19,107.16528464918535,0.01155103283185597
2019-06-20,107.84210195325913,0.011310143162526562
2019-06-21,110.7780411855176,0.010828743028887351
2019-06-22,112.91263376468919,0.010585367555652665
2019-06-23,111.59390283679068,0.010301273591001463
2019-06-24,113.48546767338253,0.01028914548116143
2019-06-25,114.14182903308038,0.009710685839852
2019-06-26,111.21882463323554,0.008603313930154427
2019-06-27,103.65405932399696,0.009293211005814818
2019-06-28,109.76774814971171,0.008880562451181932
2019-06-29,115.72190290117875,0.009752977205039131
2019-06-30,104.83029387761673,0.00974595363490296
2019-07-01,108.67330322583977,0.010274074442075226
2019-07-02,106.3264411470951,0.009818512680285588
2019-07-03,107.61591534792582,0.008985649747414153
2019-07-04,105.77618818709442,0.009491011853612999
2019-07-05,106.36994907219896,0.009668501147295323
2019-07-06,106.43086537049155,0.009470817196871937
2019-07-07,108.90550578950383,0.009491155613050929
2019-07-08,108.916200892147,0.008859635994880802
2019-07-09,106.51976543743149,0.008480197869391887
2019-07-10,101.69341396812352,0.008405831559049916
2019-07-11,93.13800132920159,0.008206714365071952
2019-07-12,100.27557863894924,0.008497930393131292
2019-07-13,97.92184912331001,0.00860606819383203
2019-07-14,87.18105515274333,0.0085539802953475
2019-07-15,87.0284439331651,0.00801775157452783
2019-07-16,74.5048047625353,0.007906931837360688
2019-07-17,81.27352255290926,0.008379275163068581
2019-07-18,87.09416024651284,0.008178930586791958
2019-07-19,89.37321063004087,0.008483085753260027
2019-07-20,94.05024345968977,0.00874397949606636
2019-07-21,92.41085298131618,0.008725660530589685
2019-07-22,90.50128624611544,0.008766191676218817
2019-07-23,85.4830297055768,0.00868532262021418
2019-07-24,85.15183690353047,0.008715643490637715
2019-07-25,84.76207294647085,0.008576266597034688
2019-07-26,85.62720785614913,0.0086922174410517
2019-07-27,81.75910676929348,0.008624396546120718
2019-07-28,81.72936850790019,0.00857331044874648
2019-07-29,80.03987411560077,0.008429340355225091
2019-07-30,80.14550149700261,0.008357195150886612
2019-07-31,82.14236531805818,0.008143146859720458
2019-08-01,82.87936134931061,0.007963265824019945
2019-08-02,82.47661823396432,0.007831421757011282
2019-08-03,81.81606129111718,0.007561027256044601
2019-08-04,82.00604419340578,0.007470368434499789
2019-08-05,82.53821033578706,0.0069959606084962385
2019-08-06,80.41545289860214,0.007013695262793142
2019-08-07,83.36709575226331,0.006963197899881086
2019-08-08,84.87831627114547,0.0070834640454613745
2019-08-09,80.50828202929094,0.006789491995783943
2019-08-10,81.1760799992893,0.00719585495896084
2019-08-11,83.34315916430937,0.007223206219687506
2019-08-12,82.78180221846497,0.007268402822873193
2019-08-13,81.17621030810997,0.007473220199452598
2019-08-14,73.64863484275963,0.007347970500096242
2019-08-15,76.1311837435899,0.0073913698863971875
2019-08-16,74.30322025012731,0.007176046010670628
2019-08-17,74.55540627967707,0.007299156206248826
2019-08-18,76.57088684369678,0.007421464604637057
2019-08-19,78.21604161646658,0.007161460713111995
2019-08-20,75.88555438413555,0.0070466078734726465
2019-08-21,72.86840981793428,0.007193327721415032
2019-08-22,74.05229731412638,0.007326180246552338
2019-08-23,74.86203272776943,0.007192642751516547
2019-08-24,73.92140277370403,0.007284368052040464
2019-08-25,72.26778167618446,0.007129285192609511
2019-08-26,72.4237571427886,0.0069895969409108204
2019-08-27,71.39118772278314,0.007016411557120458
2019-08-28,65.31432724223552,0.0067222782023893864
2019-08-29,61.74086176142847,0.006505886381604686
2019-08-30,62.690858105489255,0.006544101683811087
2019-08-31,60.89216032437081,0.0063423651969064035
2019-09-01,61.67598005138199,0.006315041596329295
2019-09-02,64.3647727680052,0.006198170035283924
2019-09-03,63.60448164755317,0.005986191473812556
2019-09-04,61.90715105705695,0.005848628806796186
2019-09-05,62.745506904683275,0.005933437375737196
2019-09-06,60.86148871018987,0.005902120746153908
2019-09-07,62.840163504917825,0.005993699526525468
2019-09-08,63.362021142789466,0.00608957435298313
2019-09-09,62.67922681569265,0.0060794535423042894
2019-09-10,61.932518793333905,0.006135273544339384
2019-09-11,59.412288906519485,0.005847551121682593
2019-09-12,59.61561474036961,0.005719226412487059
2019-09-13,59.52155389667746,0.005742037028677356
2019-09-14,60.09661740335441,0.005800691817606178
2019-09-15,58.868113110761115,0.005712232352256735
2019-09-16,59.15659531348771,0.005764322995426834
2019-09-17,61.479671435372985,0.006033333801312364
2019-09-18,65.27929326196235,0.006428126238221607
2019-09-19,64.44182978453807,0.006271704824086601
2019-09-20,63.73973495372157,0.006268031231497388
2019-09-21,63.840126653339425,0.006397831982415962
2019-09-22,61.4507250935943,0.006127242234457159
2019-09-23,58.56001338238162,0.006041300094744154
2019-09-24,48.888608023796465,0.005726793820626002
2019-09-25,49.810879366241366,0.005902916964364048
2019-09-26,47.61282295239693,0.0059072981330517286
2019-09-27,49.362064930625706,0.006024179298562203
2019-09-28,49.45654689920008,0.00601846394318447
2019-09-29,48.26405025848674,0.00599287648316048
2019-09-30,50.72648824865069,0.006107975023197065
2019-10-01,50.73592110895328,0.006096787994845467
2019-10-02,52.6388467896602,0.006280196283061258
2019-10-03,52.01142202195365,0.006311744064253236
2019-10-04,52.618214124456024,0.0064509431084567624
2019-10-05,53.179203036849444,0.00652695360943605
2019-10-06,53.57046512296693,0.006815762904984348
2019-10-07,58.09901988316864,0.007077478363158562
2019-10-08,60.72042044147109,0.007423034283798422
2019-10-09,64.10213512529975,0.0074624138679045115
2019-10-10,61.81964223968924,0.007198793856150129
2019-10-11,61.024568999069686,0.007381420944038659
2019-10-12,60.40388511045856,0.007269692843996355
2019-10-13,60.987008600738065,0.0073629396944258005
2019-10-14,62.5981181667447,0.007492294215050233
2019-10-15,60.3267190944219,0.007390770295943603
2019-10-16,58.845113314254846,0.007355639164281856
2019-10-17,60.121535445819106,0.007444285115006947
2019-10-18,59.001835085647045,0.007415644649043166
2019-10-19,59.04685670656151,0.007417946822432351
2019-10-20,60.43515458103971,0.007338157176044862
2019-10-21,61.49956658694402,0.007487483224503604
2019-10-22,61.00267909384109,0.007601845185108151
2019-10-23,58.4421987033342,0.00782278114616488
2019-10-24,60.517698617692325,0.008140841731780047
2019-10-25,65.71097122377444,0.007581524846263167
2019-10-26,64.00496390652643,0.006913326986512111
2019-10-27,67.01161822307398,0.007017915435488156
2019-10-28,67.87013694247568,0.007362224277010389
2019-10-29,70.42724544224976,0.007467791220495585
2019-10-30,67.50894926624639,0.007364987592049746
2019-10-31,67.97257864647744,0.007425451021026594
2019-11-01,68.49284105600726,0.007402134745470421
2019-11-02,68.8763076545349,0.0074022738552389795
2019-11-03,68.26623810347382,0.007414601727324191
2019-11-04,69.5038491194945,0.007382011101026468
2019-11-05,70.03206631112279,0.007514057332950234
2019-11-06,71.3088569005001,0.007630875943628432
2019-11-07,69.98767713095604,0.007605562289216135
2019-11-08,68.06336465403922,0.00776325906788914
2019-11-09,69.40043781212509,0.007875486150707382
2019-11-10,70.51248422346309,0.007806763581470256
2019-11-11,69.597982518144,0.007981090518985913
2019-11-12,71.80792072129564,0.008148139152289357
2019-11-13,74.05628825194962,0.008455516485081605
2019-11-14,74.22623677988578,0.008598862012706732
2019-11-15,72.89483072493466,0.008618977606205946
2019-11-16,72.43139671335173,0.008540431165352167
2019-11-17,72.31583703516426,0.008507445270774475
2019-11-18,68.27956328567096,0.008357249395438361
2019-11-19,66.44288129143621,0.00818050520080228
2019-11-20,64.94774842611571,0.00803514410885563
2019-11-21,60.835121542944364,0.007987322396880488
2019-11-22,56.50853744167037,0.0077570471998778786
2019-11-23,59.0020486073404,0.008050370182374176
2019-11-24,54.08804250667492,0.007829360732022495
2019-11-25,55.52145819560959,0.007790287679631373
2019-11-26,56.948023400508696,0.007950669708433963
2019-11-27,58.47585193293532,0.007769948037169684
2019-11-28,58.278176358231285,0.007841087394025798
2019-11-29,60.067518418188484,0.007743852931387748
2019-11-30,57.558015667763485,0.007617605224481398
2019-12-01,57.64576130131416,0.007783781740661801
2019-12-02,56.34119337399823,0.007711844476169376
2019-12-03,56.382132245585474,0.007722130537910758
2019-12-04,54.37125740424699,0.007553955614312169
2019-12-05,55.19076328956327,0.007464727760932283
2019-12-06,56.434520863592006,0.00748290801833411
2019-12-07,55.640660015910925,0.007416134301334985
2019-12-08,56.08480890334152,0.007457094655410387
2019-12-09,55.374659667081005,0.007546791713685024
2019-12-10,55.223657936987244,0.007649373551568523
2019-12-11,54.471647954903645,0.007564214440436376
2019-12-12,53.4930122350164,0.007440176951217553
2019-12-13,53.73816703755435,0.007412017842076752
2019-12-14,51.83542079742366,0.007334336158107344
2019-12-15,52.66403987110555,0.007405996325566805
2019-12-16,49.68056391467969,0.007224130753345512
2019-12-17,45.40679164022196,0.006863619812370348
2019-12-18,49.513535427999656,0.00679536386815378
2019-12-19,47.850869315386184,0.006692831780846426
2019-12-20,49.721119279141924,0.0069153156160141754
2019-12-21,49.026187607497455,0.006863519385734789
2019-12-22,51.31135251393326,0.006831721534325235
2019-12-23,49.39979905571755,0.006752139310010231
2019-12-24,49.10805473201828,0.0067688472837416185
2019-12-25,47.84593517269877,0.006652549619958896
2019-12-26,48.36134723817919,0.0067223343528931495
2019-12-27,48.825319390272114,0.006742282762553353
2019-12-28,49.383651862469286,0.006762410441998513
2019-12-29,50.3487460079321,0.006817205784266566
2019-12-30,48.81468650775267,0.0067629102947842435
2019-12-31,47.861189908944866,0.006679020068511264
2020-01-01,48.42172110246381,0.006749236326726112
2020-01-02,46.560253956854055,0.006704120932244119
2020-01-03,48.55997293095033,0.0066204903925056345
2020-01-04,49.12288742740787,0.006684632023575532
2020-01-05,49.15848601622128,0.006683319196266863
2020-01-06,52.496088712132746,0.0067625720701881996
2020-01-07,53.4708718305125,0.00655359802604881
2020-01-08,53.187800393615035,0.00661174679575148
2020-01-09,52.82778838217271,0.006757369253843242
2020-01-10,54.49264669524555,0.006652015612403172
2020-01-11,54.7437702103784,0.0068259065100222446
2020-01-12,55.45896826095652,0.006779195118907842
2020-01-13,54.26510652967203,0.006695254728824767
2020-01-14,60.05902650731694,0.006812742565507288
2020-01-15,62.33181722189683,0.007075787755474901
2020-01-16,62.42560290078103,0.007162998424646791
2020-01-17,65.81942151199962,0.007395066711458367
2020-01-18,66.00508709033133,0.00740920074247169
2020-01-19,62.84502526086275,0.007223018168835783
2020-01-20,63.52067497938539,0.007361395843426604
2020-01-21,64.79786248114398,0.007429218023916906
2020-01-22,64.1054792681514,0.00740333517359411
2020-01-23,60.69019124834787,0.007237757774792775
2020-01-24,61.26445030279101,0.00727019156771147
2020-01-25,60.38704810811956,0.0072521227346510325
2020-01-26,62.7376897290885,0.0073031646344661185
2020-01-27,63.63007680318359,0.0071538355893822035
2020-01-28,65.9504963906874,0.007020117770044963
2020-01-29,66.44160292825596,0.007153149821526108
2020-01-30,68.86505159603931,0.007248952799583085
2020-01-31,67.43280505049445,0.007223668936676292
2020-02-01,68.51746947534579,0.0073044941008963355
2020-02-02,68.89874599910355,0.0073897941759107156
2020-02-03,68.97403530849667,0.007432154477672695
2020-02-04,69.24101316898647,0.007555491036331785
2020-02-05,72.66882951806559,0.007557829142475287
2020-02-06,76.36420714589809,0.007825825250207967
2020-02-07,80.43320005195838,0.0082007330766012
2020-02-08,80.63860453894512,0.008140675871417206
2020-02-09,84.6647590099604,0.008326302596779262
2020-02-10,83.68534632553859,0.008494439210532369
2020-02-11,91.34086198005251,0.008893940899770546
2020-02-12,93.16749191929941,0.009000298689989895
2020-02-13,91.78753061692672,0.00896669958324843
2020-02-14,100.11441793583084,0.009653490370639763
2020-02-15,93.1791034444731,0.009407659415268976
2020-02-16,91.33136369090575,0.009204934861006426
2020-02-17,89.29291177288911,0.00920521757407171
2020-02-18,93.60426050693845,0.009190250187963328
2020-02-19,87.21920417300319,0.009085258057537354
2020-02-20,86.2415722550779,0.008974102346509945
2020-02-21,87.1220526603704,0.008985239746204972
2020-02-22,85.4999971768953,0.008843397103388656
2020-02-23,89.27342899446197,0.008957709534769064
2020-02-24,83.67256104578793,0.0086617558018414
2020-02-25,76.73366129258245,0.008246143238612252
2020-02-26,72.33608548391425,0.008239334699102695
2020-02-27,76.88351205845416,0.00872438006266721
2020-02-28,78.33878298641865,0.008995266100090672
2020-02-29,76.73501220830461,0.008997597577725948
2020-03-01,75.03018977058989,0.008797686526263998
2020-03-02,80.79135953268843,0.009060029059415524
2020-03-03,82.73605733602757,0.009447353425848223
2020-03-04,84.32131913410595,0.009627150048991968
2020-03-05,85.98610287254031,0.00948377877965294
2020-03-06,87.24047525298577,0.009529375007153085
2020-03-07,81.90860695102658,0.009201797807643831
2020-03-08,72.02723964501011,0.008961108523395836
2020-03-09,72.73042231452152,0.009166329193766165
2020-03-10,73.14870440234607,0.00927286453205889
2020-03-11,70.14817085312215,0.00883695250762116
2020-03-12,38.974359152688095,0.008024203568526095
2020-03-13,46.48232937030434,0.008245056295285998
2020-03-14,41.92436753279162,0.008116619240654687
2020-03-15,42.28243288999929,0.007910133647001466
2020-03-16,37.79038851937613,0.007501650290390906
2020-03-17,40.22453931841154,0.007544397448175451
2020-03-18,41.203733314869545,0.007611095919726754
2020-03-19,48.31292577454925,0.0078097147185131645
2020-03-20,47.299116952183574,0.0076213913652992335
2020-03-21,47.80429450586283,0.007713169215580303
2020-03-22,42.89330361182904,0.007372200165312429
2020-03-23,47.858946891474986,0.0073702738413392735
2020-03-24,49.03285557816731,0.007244122242897732
2020-03-25,48.302999388556884,0.007219143349916437
2020-03-26,50.61588941795459,0.007489574029983603
2020-03-27,47.198057414014215,0.007402420850280538
2020-03-28,47.36171068719953,0.007575667675524813
2020-03-29,44.21827232804159,0.00752368425290939
2020-03-30,47.345442978751024,0.0073903351302995485
2020-03-31,48.95739434281225,0.007620598868805754
2020-04-01,49.43095088792738,0.007418834274554231
2020-04-02,50.14004028172137,0.007369417131855929
2020-04-03,50.49091114321759,0.007489021956902575
2020-04-04,51.07330261782415,0.007429092554052593
2020-04-05,50.88249261021024,0.007506729998186883
2020-04-06,56.42631013419304,0.007685874682518842
2020-04-07,56.97739530656643,0.007910563960495135
2020-04-08,61.583339044143926,0.008356401845981319
2020-04-09,62.48132977019528,0.00856701956471956
2020-04-10,59.00879616412614,0.008584596026088355
2020-04-11,59.744212372113985,0.008677445515194478
2020-04-12,61.100370060704876,0.008844704726272504
2020-04-13,61.22295402547861,0.008923054975066878
2020-04-14,60.76259547119704,0.008835149987741977
2020-04-15,58.27692878989196,0.008797686151502684
2020-04-16,63.52811917387011,0.008931708881200413
2020-04-17,62.922433457856144,0.008942609125294886
2020-04-18,67.34019445291739,0.009273260814584534
2020-04-19,64.9683873432683,0.009111081288410438
2020-04-20,61.638539840911946,0.009012800093714277
2020-04-21,62.18445403580883,0.009073148153372906
2020-04-22,65.19089632169096,0.009134343527538702
2020-04-23,66.86577478891525,0.008933303245012058
2020-04-24,67.75846372487467,0.009018997256021632
2020-04-25,68.29785961042593,0.009048938619036481
2020-04-26,68.79360225254473,0.00892971121802525
2020-04-27,68.43816772383165,0.00878564678082044
2020-04-28,68.95409611825369,0.008890649077884123
2020-04-29,73.64428190174465,0.008377884070402972
2020-04-30,70.1359070328805,0.008129512645048577
2020-05-01,72.05840875515398,0.008161171260983618
2020-05-02,73.29387007132748,0.00815872099641871
2020-05-03,71.17887401502054,0.007988695112208321
2020-05-04,72.00182972261284,0.008105092201254775
2020-05-05,71.53125494682993,0.007922573783068376
2020-05-06,70.11655921094403,0.0076577561204926045
2020-05-07,73.70892315439421,0.007367915677505709
2020-05-08,76.44408540396397,0.007792465382667071
2020-05-09,77.46024217623199,0.008121897512609243
2020-05-10,71.45277191165238,0.008184870308533284
2020-05-11,68.85684526258288,0.008032781838336403
2020-05-12,71.75604144403769,0.008133152750308603
2020-05-13,73.43619991728944,0.007881873106147776
2020-05-14,74.37027477185055,0.007592677363129204
2020-05-15,71.97112775698831,0.00772877522331035
2020-05-16,73.44513980993493,0.007824966951836237
2020-05-17,73.86950446325673,0.007636669540293263
2020-05-18,75.28423884467544,0.007739718191084141
2020-05-19,76.42000527585311,0.007810903504976933
2020-05-20,76.42836345666424,0.008036546772028079
2020-05-21,72.71739418110474,0.00802446647095162
2020-05-22,76.86711839380742,0.008383516169309031
2020-05-23,75.95458898999014,0.008272334387959405
2020-05-24,72.57034645120656,0.008326364682155892
2020-05-25,75.50803456148769,0.008484706630231749
2020-05-26,75.1285554814133,0.008496366948034923
2020-05-27,75.47604004811488,0.008196317984316158
2020-05-28,78.39332239470448,0.008184813204847043
2020-05-29,77.46655735338416,0.00822027510583628
2020-05-30,81.81931786893908,0.008434694270085563
2020-05-31,80.13850840964592,0.008483344580058786
2020-06-01,85.27436573160232,0.00835294358173773
2020-06-02,84.4884961711193,0.008872549338208751
2020-06-03,86.10357490748986,0.008908415248120605
2020-06-04,85.42935780413536,0.008724474648908014
2020-06-05,85.1281212469837,0.00884993352755695
2020-06-06,86.07079922807206,0.008899242038945796
2020-06-07,87.03348049969271,0.008926400957084909
2020-06-08,88.53096981055891,0.00905084898042929
2020-06-09,88.96024355065009,0.009097999954044804
2020-06-10,90.91640133197436,0.009189006849777678
2020-06-11,82.13630224932197,0.008863435253685653
2020-06-12,85.93779666384482,0.009080331044755623
2020-06-13,86.201619274386,0.00909779622948665
2020-06-14,83.0020026171686,0.008896258475857809
2020-06-15,83.13344419449673,0.00881657700154379
2020-06-16,84.46810826820416,0.008866739614986161
2020-06-17,84.96936416655045,0.008984317682283563
2020-06-18,83.51076029232645,0.008906731372646574
2020-06-19,82.50548543516193,0.008869735939733015
2020-06-20,83.77344352711515,0.008954229545403694
2020-06-21,83.875144559548,0.009033694633057395
2020-06-22,88.22525241292318,0.009104077956164667
2020-06-23,90.26557192953433,0.009380375579434108
2020-06-24,88.05482518295402,0.009482474287583111
2020-06-25,88.47120743109546,0.00957117019737042
2020-06-26,87.19859952737754,0.009524259894945021
2020-06-27,82.809650559895,0.009198006282338666
2020-06-28,85.15812895945045,0.009340248620972418
2020-06-29,86.42640186613467,0.009410079195393809
2020-06-30,85.74575752852115,0.009387022554986168
2020-07-01,88.40282402191687,0.009569797646588798
2020-07-02,88.56166515728323,0.00973962876141913
2020-07-03,89.51107651705989,0.009875580492797775
2020-07-04,92.75663448307743,0.010150082943836297
2020-07-05,93.2258328492483,0.010270759236081393
2020-07-06,99.92608280736077,0.010689339424419755
2020-07-07,104.50833778321845,0.011289899077782653
2020-07-08,114.1256899131655,0.012093224011584577
2020-07-09,109.16536915967453,0.01181833496551075
2020-07-10,108.81220548594669,0.011717876963810757
2020-07-11,110.31343103105914,0.011945146836064877
2020-07-12,119.73700978551395,0.012874595660023257
2020-07-13,117.74624006432282,0.012747348690291009
2020-07-14,125.137715959144,0.013518259377196352
2020-07-15,128.72333508108343,0.014002305564889348
2020-07-16,124.8450246841612,0.013672806041481257
2020-07-17,124.4724292665514,0.013597169115961084
2020-07-18,123.28100090260679,0.013435376657487511
2020-07-19,124.59468710022664,0.013522763612905416
2020-07-20,115.67877427828212,0.012625337850142606
2020-07-21,118.54901213318145,0.012619920813002347
2020-07-22,120.85826499088033,0.012673656012248125
2020-07-23,124.32117494017304,0.01293228661098371
2020-07-24,120.27961662328069,0.012593128684562553
2020-07-25,124.29335166057301,0.012799259360082403
2020-07-26,121.81909389191723,0.01225420922361103
2020-07-27,116.6669756971828,0.010561738997535151
2020-07-28,119.40746302292825,0.010920518685168345
2020-07-29,117.37896917370117,0.010565049628059927
2020-07-30,121.36287174452839,0.010918286774982853
2020-07-31,124.9832102865458,0.011010019608091583
2020-08-01,131.29136415113766,0.011113248672216969
2020-08-02,127.48562155864855,0.01151783537473312
2020-08-03,137.1538920701585,0.012205420073467024
2020-08-04,144.1200278831034,0.01287126132291243
2020-08-05,143.1709677603759,0.012177767474886844
2020-08-06,148.86644404359595,0.012643777378894822
2020-08-07,146.98351014635512,0.01266717026296851
2020-08-08,170.44093017679177,0.01447483818883699
2020-08-09,179.46898541051678,0.01535434764918251
2020-08-10,178.3105544815157,0.014984420191173726
2020-08-11,169.86907957814884,0.014915371650731401
2020-08-12,199.76750032292472,0.017271288971371916
2020-08-13,207.0855803447813,0.01755727477070996
2020-08-14,210.9956996985275,0.017912870336915482
2020-08-15,226.9300069032121,0.019135290870512116
2020-08-16,230.23178482207246,0.019316626854800675
2020-08-17,216.00777994958474,0.017559295438290625
2020-08-18,208.01080936114323,0.01739873994176269
2020-08-19,203.35306909551102,0.01729553087977606
2020-08-20,210.8275069654084,0.01776996685553152
2020-08-21,190.97147208640487,0.016564127676148507
2020-08-22,207.98853556937306,0.017818023030153788
2020-08-23,201.26782334671964,0.01727619318324359
2020-08-24,202.63962871838248,0.01722862391116857
2020-08-25,188.0110128548706,0.016598028380513167
2020-08-26,198.4629270869131,0.01731183941790938
2020-08-27,190.6989326307323,0.016831237666061104
2020-08-28,198.3881924510488,0.01719880298665356
2020-08-29,209.14030242904462,0.018226830408891222
2020-08-30,213.20719334834538,0.018197935418998907
2020-08-31,207.42601584940363,0.01779716995704879
2020-09-01,212.5684427994966,0.017826611954450407
2020-09-02,197.27444476981736,0.01730714420305036
2020-09-03,159.28844206113106,0.015658700308392715
2020-09-04,167.32813204114402,0.015993360195476543
2020-09-05,143.5415546980514,0.014118114709969166
2020-09-06,165.981664332224,0.01618092509862915
2020-09-07,161.41463293356148,0.015558036909258938
2020-09-08,153.85016669917266,0.015194042746634813
2020-09-09,164.32731021181897,0.016063746758147254
2020-09-10,169.2078372960665,0.01635928402404921
2020-09-11,169.5927189593519,0.01631576192966719
2020-09-12,174.07248371498224,0.0166632030298111
2020-09-13,164.22995272149618,0.015890658221721934
2020-09-14,164.8429033206695,0.015434801035648059
2020-09-15,149.741277251432,0.013885723092021294
2020-09-16,148.41820250418317,0.013546342845111746
2020-09-17,149.8634586233574,0.013694151986717123
2020-09-18,141.26613353237127,0.012915737162754562
2020-09-19,141.7620897158995,0.012794412429232805
2020-09-20,136.57348911951038,0.01250571053453614
2020-09-21,122.4504153052384,0.011755066834719078
2020-09-22,125.69606869842197,0.011934115233650318
2020-09-23,111.47946637962,0.010893475060547608
2020-09-24,135.11361223698245,0.01258017655509045
2020-09-25,144.3835400550798,0.01350505983545892
2020-09-26,142.55075726323156,0.013285252307850099
2020-09-27,145.40839658317242,0.013490972201589542
2020-09-28,141.50383964769338,0.013230160173875433
2020-09-29,141.34205356953026,0.013036830176819265
2020-09-30,138.62796356915678,0.012860178277840407
2020-10-01,136.37332131870053,0.012844432471002592
2020-10-02,130.14142890557946,0.012307380489316505
2020-10-03,130.63077656555626,0.012379212803643925
2020-10-04,132.12000356268445,0.01238109283501758
2020-10-05,133.6137421325545,0.012377373055354747
2020-10-06,121.93791242530588,0.011497719315189043
2020-10-07,124.62807575276341,0.011679717552531745
2020-10-08,130.22818547964692,0.011911477680384792
2020-10-09,139.86238988667515,0.012648324517821401
2020-10-10,141.18182475417956,0.012492308521362612
2020-10-11,143.79209264732006,0.012642163374862521
2020-10-12,150.1852743861554,0.01301885703565327
2020-10-13,146.53103130556735,0.01282185951141712
2020-10-14,143.96947962631378,0.012598290086921583
2020-10-15,141.72061155804832,0.012313530711409022
2020-10-16,138.95704948971388,0.012267695837468461
2020-10-17,139.58052176622436,0.012278489831114162
2020-10-18,142.74056127609884,0.012396915224340279
2020-10-19,142.4351650316102,0.012111370315898644
2020-10-20,132.35252571286884,0.011099833334831916
2020-10-21,141.83802717443805,0.011074165867643612
2020-10-22,153.24432096516605,0.01179980634242236
2020-10-23,154.04908627162706,0.01190495809256997
2020-10-24,158.62695421095913,0.012084721459531376
2020-10-25,152.95210475787775,0.011724960119423361
2020-10-26,148.27609909512896,0.011344115608907596
2020-10-27,150.12015765178415,0.010998136037084175
2020-10-28,143.73245326003595,0.01082108387119388
2020-10-29,141.6578226260662,0.010521931993825062
2020-10-30,139.3141532256268,0.010267672567310123
2020-10-31,140.53872889093162,0.010177254773369128
2020-11-01,143.97295362414002,0.010455362366270766
2020-11-02,136.1332884929402,0.010035035788006621
2020-11-03,131.67069632786595,0.009381061024513455
2020-11-04,129.84763320968233,0.009169072244545226
2020-11-05,136.33436537950158,0.008734785435325484
2020-11-06,153.94453910280842,0.00986827131515219
2020-11-07,149.3555717638798,0.010066223083976181
2020-11-08,162.58359482777456,0.010500848990032523
2020-11-09,159.45833851532885,0.010400068202834935
2020-11-10,171.57404188764582,0.011202977066181076
2020-11-11,165.6315308314904,0.01054447992897139
2020-11-12,161.69474731275633,0.009914600892941295
2020-11-13,176.75575973945988,0.010817657252671423
2020-11-14,173.24493829149498,0.010772592374429252
2020-11-15,170.08207328930692,0.010652172920919911
2020-11-16,172.74732909393987,0.010328924011065117
2020-11-17,183.44191578423118,0.010375304261456247
2020-11-18,179.89583863038783,0.010112512802849099
2020-11-19,183.07269168206224,0.010271059046475886
2020-11-20,188.65303213609266,0.0100990905951806
2020-11-21,199.8819060507892,0.010676762135075095
2020-11-22,193.16072307943708,0.01047642288009634
2020-11-23,205.2732991165559,0.011163559485993752
2020-11-24,207.53316519791204,0.010824330938865189
2020-11-25,191.80655207086656,0.010244161191597007
2020-11-26,173.95548751909686,0.010134549451726045
2020-11-27,171.60371625006135,0.010003743525547256
2020-11-28,179.53761275557804,0.010120582347403054
2020-11-29,184.01553587667033,0.010111438196396474
2020-11-30,194.71035509579252,0.009876790426657319
2020-12-01,184.58900078933192,0.009827466092387514
2020-12-02,196.43566833241636,0.01021642342050821
2020-12-03,196.62346423372009,0.010109882451097871
2020-12-04,179.6535857400014,0.009624746099283257
2020-12-05,188.50191116656052,0.009838838390317664
2020-12-06,190.08598316080284,0.009808990939085485
2020-12-07,187.8854448181213,0.009797074041588975
2020-12-08,171.9294737220319,0.009385549698694814
2020-12-09,176.65569554029707,0.00952219143705784
2020-12-10,168.6123790331918,0.009238882595529487
2020-12-11,162.39036456764757,0.009001673200342768
2020-12-12,170.27469038740387,0.009049640665096191
2020-12-13,179.09555860835118,0.009344124226630692
2020-12-14,180.87239373156865,0.009384107968036692
2020-12-15,179.13938364461902,0.009212808884966471
2020-12-16,188.6099398769658,0.008829648259441552
2020-12-17,188.98251892178118,0.008279193160569047
2020-12-18,193.46912338569433,0.008361864305508487
2020-12-19,196.37676524278965,0.008233830087257463
2020-12-20,189.04086066372594,0.008052340857466717
2020-12-21,180.30969476948897,0.007932884051910255
2020-12-22,188.13735924886888,0.007895575798795917
2020-12-23,167.50803316377105,0.007211361683622429
2020-12-24,177.33717662163673,0.007476713491590428
2020-12-25,177.3603522908925,0.0071792120729566354
2020-12-26,176.32914408908496,0.006662407564987787
2020-12-27,185.66576122892724,0.007070651432153871
2020-12-28,193.24437538561108,0.007146516369812054
2020-12-29,186.94262378464956,0.006830476335718628
2020-12-30,186.6477916502914,0.006458977709784867
2020-12-31,197.2998686980705,0.006805771791525601
2021-01-01,198.60180786527388,0.0067522146064533
2021-01-02,200.79301960845982,0.00623079440141364
2021-01-03,224.3139500947861,0.006780818462956485
2021-01-04,230.55185645012222,0.007201124698553827
2021-01-05,257.62278275084884,0.007569108509289226
2021-01-06,279.0471718586658,0.0075706124284281836
2021-01-07,269.56126536148946,0.006823375377073239
2021-01-08,260.89157684158164,0.006415605914193889
2021-01-09,285.34267560842557,0.00708795061205908
2021-01-10,272.65542184405194,0.007142892520377127
2021-01-11,244.23938212174423,0.006889183050427183
2021-01-12,246.40043907420608,0.007238772697484063
2021-01-13,276.2613493715024,0.0073879194861241814
2021-01-14,294.63842493196535,0.007528754890291915
2021-01-15,316.8884713795023,0.00862127427503443
2021-01-16,327.9499965127448,0.00910796631184835
2021-01-17,354.6662666231287,0.009901347476915933
2021-01-18,356.8868630229227,0.009745016397649606
2021-01-19,339.63742901995863,0.009456101047182822
2021-01-20,354.5542397387532,0.009986574119006353
2021-01-21,302.9967002751622,0.009820761064606798
2021-01-22,346.26645493584056,0.010495448145276184
2021-01-23,374.95044436648595,0.011676330580567395
2021-01-24,410.9445764885491,0.012727250038049052
2021-01-25,389.3933592900739,0.01206977026719387
2021-01-26,418.925072093033,0.012885712267270805
2021-01-27,405.60199270066653,0.013331558190541297
2021-01-28,423.6208185120727,0.012651111338108006
2021-01-29,435.75540558978645,0.012718440870995499
2021-01-30,484.2737905715959,0.014112338621543475
2021-01-31,455.3774702459798,0.013741959175428977
2021-02-01,487.9002773028767,0.014549464193036798
2021-02-02,480.89598137002713,0.013541532680308948
2021-02-03,508.6361442593426,0.013499420072029191
2021-02-04,520.427473509131,0.014073595108281213
2021-02-05,565.8596495923634,0.014769937694878766
2021-02-06,528.1124102549858,0.013449805853520153
2021-02-07,520.9563476511237,0.013402040564793457
2021-02-08,542.4398456363873,0.011678407634249568
2021-02-09,574.8256827132554,0.012357927966329276
2021-02-10,596.3862412851807,0.01329653977182176
2021-02-11,622.4459090786703,0.012965694458754892
2021-02-12,660.5930328540489,0.013934110176691463
2021-02-13,675.6298606765895,0.014304357717556246
2021-02-14,646.7619245674763,0.013290766495093271
2021-02-15,625.8835187152825,0.013056548059756767
2021-02-16,628.6356613353804,0.012785845601375172
2021-02-17,651.2011211404479,0.012482288601065015
2021-02-18,659.8309325120521,0.012787198140188485
2021-02-19,685.1715409747221,0.012238799050555594
2021-02-20,754.2621012015405,0.013484367166526992
2021-02-21,764.2872246546264,0.013294458027472072
2021-02-22,716.8085825339135,0.013239386454391683
2021-02-23,621.5901846003279,0.012711458317278346
2021-02-24,651.8082052146298,0.013104880857557283
2021-02-25,599.3040612302228,0.012734487027192563
2021-02-26,593.831794421124,0.012818487042345885
2021-02-27,607.8480358934959,0.013162368213887731
2021-02-28,580.6612110920242,0.012836135706759136
2021-03-01,655.0592587131308,0.01319635730313281
2021-03-02,660.0394359549114,0.013609060535152812
2021-03-03,680.3967409112339,0.01350538036190849