date,AdrActCnt,CapMrktCurUSD,IssTotNtv,IssTotUSD,NVTAdj,NVTAdj90,PriceBTC,PriceUSD,ROI1yr,ROI30d,SplyCur,TxCnt,TxTfrCnt,TxTfrValAdjNtv,TxTfrValAdjUSD,TxTfrValMeanNtv,TxTfrValMeanUSD,TxTfrValMedNtv,TxTfrValMedUSD,TxTfrValNtv,TxTfrValUSD,VtyDayRet180d,VtyDayRet30d,VtyDayRet60d
2020-07-17,10,,10000,,247.026495784769,,,,,,10000,9,9,40.48148749481866,,4.497943054979850728,,0.09498163948362187,,40.481487494818656551,,,,
2020-07-18,365,,10000,,2.892638398996,,,,,,20000,1199,2300,6914.103057935648,,5.514689319621905082,,1,,12683.785435130381689101,,,,
2020-07-19,1505,,10000,,2.849032613831,,,,,,30000,6021,10713,10529.889989450847,,1.811646179265988377,,0.39586451896330005,,19408.165518476533479461,,,,
2020-07-20,1947,,0,,1.715180952285,,,,,,30000,6842,11556,17490.86588213097,,2.71921743704933362,,0.48997448284295547,,31423.276702542099309288,,,,
2020-07-21,1715,,0,,2.041029960845,,,,,,30000,5273,8880,14698.461353098144,,3.489354824935142136,,0.7763803953004567,,30985.470845424062163604,,,,
2020-07-22,2015,,0,,1.09977621243,,,,,,30000,6101,10508,27278.276853900912,,4.749127188977641731,,0.8406068668248725,,49903.828501777059312547,,,,
2020-07-23,2089,,0,,1.423916352043,,,,,,30000,6081,10480,21068.653335536666,,3.998785170118786817,,0.926283769267457,,41907.268582844885841807,,,,
2020-07-24,3146,,0,,1.267113767282,,,,,,30000,8612,15009,23675.853561562762,,2.986453695600864574,,0.609,,44823.683517273376391053,,,,
2020-07-25,3803,104694739.9181766,0,0,1.293060993757,,0.35968478685779226,3489.82466393922,,,30000,11171,19530,23200.76171569019,80966590.45759243854776651025,2.324545023489328689,8112.254555410232753147304098,0.45552024319759765,1589.685779634567984136889615,45398.364308746589300207,158432331.4671618456830552712,,,
2020-07-26,2442,95105680.8883695,0,0,2.007898188411,,0.3191281642963927,3170.18936294565,,,30000,6523,10548,14940.99659691242,47365788.48333890936154626997,2.401041097201739975,7611.754946344308550203971357,0.5,1585.094681472825,25326.181493283953259155,80288791.17403976659660238051,,,
2020-07-27,1296,85580093.5125657,0,0,3.896994434988,,0.2582417627957796,2852.66978375219,,,30000,2719,4583,7698.2404005133485,21960537.77860478640096051111,2.876104501002581177,8204.576404923733573241606127,0.5621511171272289,1603.631505731384098346259006,13181.186928094829533615,37601573.66376547096452314308,,,
2020-07-28,990,105315534.7749855,0,0,5.922872174176,,0.32075303462994575,3510.51782583285,,,30000,2064,3497,5065.110155643667,17781159.49119409434499210306,2.430538011496523564,8532.44701572287447982940795,0.3907,1371.559314552894495,8499.591426203342904654,29837967.2139828920606885966,,,
2020-07-29,1291,135718045.0029222,0,0,7.52103721026,,0.4069834398947134,4523.93483343074,,,30000,3049,4947,3988.8115377322392,18045123.45953731142573083831,1.354908461146309511,6129.517583489829976766258022,0.34092222694577623,1542.309937970777129155043243,6702.73215729079315307,30322723.48552418890480271013,,,
2020-07-30,947,134250000,0,0,3.972613956022,,0.40187184356967276,4475,,,30000,1958,2846,7551.702816359682,33793870.10320957695,3.185091089902148063,14253.282627312112581925,0.30476064892386157,1363.80390393428052575,9064.769241861513388484,40564842.3573302724134659,,,
2020-07-31,906,127365429.5733489,0,0,5.009166082014,,0.3744435020403327,4245.51431911163,,,30000,2169,3368,5989.020828779484,25426473.6860411010105480498,2.386782162294610061,10133.11784662198540327391078,0.3495143442942001,1483.868153435938759454793457,8038.682322608246687111,34128340.90742284684528682182,,,
2020-08-01,959,113095090.5902982,0,0,2.416851207498,,0.3195431328705158,3769.83635300994,,,30000,1811,2601,12412.845237193484,46794395.21945828735958155523,5.340902320227614438,20134.3277246691967119031271,0.29,1093.2525423728826,13891.686934912025153009,52369386.41186458064679674107,,,
2020-08-02,704,121015923.4365867,0,0,6.013472536688,,0.3636070482834569,4033.86411455289,,,30000,1394,2129,4988.798039231337,20124133.38520711101645103191,2.852516371459863202,11506.66342700656373851337679,0.30066411899680306,1212.838200154863729211531284,6073.007354838048757977,24497686.43609697420300210032,,,
2020-08-03,617,115297574.5178259,0,0,8.13132269947,,0.34204519017976287,3843.25248392753,,,30000,1299,2113,3689.4366524102575,14179436.57866899324975445864,2.367265942695794799,9098.000714382659254743866467,0.3349259635038565,1287.205041168017752629421519,5002.032936916214410643,19224075.50949055900664198773,,,
2020-08-04,564,111353275.8620691,0,0,6.535767387146,,0.33133010756742787,3711.77586206897,,,30000,1151,1903,4590.126640523028,17037521.26813310741994700924,3.103533562552453154,11519.62096460311343571221144,0.3414797325270309,1267.496228579601414300525121,5906.024369537318352311,21921838.69563972486908457056,,,
2020-08-05,567,126764123.319696,0,0,3.159560144638,,0.3604908038857795,4225.4707773232,,,30000,1091,1772,9494.99253904335,40120813.50462948854980176072,5.968872520417857439,25221.29640859313203604561163,0.3953495525720825,1670.537981221136765174399564,10576.842106180443381738,44692137.23602702996715449377,,,
2020-08-06,689,145065122.7352425,0,0,12.412890873388,,0.41085708997454984,4835.50409117475,,,30000,1492,2396,2416.842321905598,11686650.93529880124055442125,1.574298575197152643,7612.527201096411412793664937,0.27627950646771615,1335.950683832382246507003047,3772.019386172377731758,18239615.17382700174084673263,,,
2020-08-07,809,127719196.376388,0,0,7.863061436351,,0.3670418055610166,4257.3065458796,,,30000,2026,3236,3815.3078470566716,16242935.07182017177086667034,2.138655046846278983,9104.910130317106102427830728,0.3332180103726856,1418.611216764610856031066254,6920.687731594558787549,29463489.18170615534133019612,,,
2020-08-08,674,136078750.7305668,0,0,12.241695483412,,0.3862688429064721,4535.95835768556,,,30000,1586,2476,2450.640929653172,11116005.2065466160406914326,1.673710488921369555,7591.881080568871111672555247,0.35,1587.585425189946,4144.107170569311018251,18797497.55548852487282329984,,,
2020-08-09,457,121642197.5452953,0,0,9.681980261474,,0.3471370138041652,4054.73991817651,,,30000,859,1401,3098.539677814979,12563772.51969017760816284394,3.022538887955488203,12255.60908323395576299521058,0.3365453688785337,1364.603941469229109758986583,4234.576982025638972986,17170108.32561077202632020339,,,
2020-08-10,1753,190543353.6988977,0,0,3.864320868007,,0.535067177089421,6351.44512329659,,,30000,3778,5428,7763.330485408749,49308367.55208914768624850787,1.989676925768953568,12637.3238071109714437008628,0.44316883775854504,2814.762553378528591474646793,10799.96635307387996633,68595393.62499835299149226477,,,
2020-08-11,1531,180960159.1052631,0,0,1.392815265956,,0.5294649123319708,6032.00530350877,,,30000,2908,3577,21539.109121848312,129924020.4558431436935213017,6.894460249171410405,41587.42078783234345992031619,0.72774,4389.7315395754722798,24661.484311286135019761,148758204.1580762925626254087,,,
2020-08-12,1496,175586109.2288382,0,0,1.407501981934,,0.5056251566335472,5852.87030762794,,,30000,3470,4202,21314.357198119757,124750168.3710509794343427192,6.098527491584710666,35693.89047574885478528329768,0.709006853627932,4149.72516150363219228224762,25626.012519638954219435,149985727.7790966878130455587,,,
2020-08-13,1396,161317216.7726133,0,0,1.02193059839,,0.45672605903674207,5377.24055908711,,,30000,2752,3622,29356.200946791083,157855354.3917964310716103682,9.272274359433472413,49859.24976052911994084144865,0.8944,4809.403956047511184,33584.177729868037079977,180590202.6326364724262170559,,,
2020-08-14,811,152210948.1626496,0,0,2.23910392388,,0.43090898188193943,5073.69827208832,,,30000,1449,2017,13398.216884913978,67978509.85805260356252161854,7.965346295098085744,40413.7637340242590946236973,1,5073.69827208832,16066.103477212838944943,81514561.45152693059027904017,,,
2020-08-15,770,155763927.4623048,0,0,5.983063938363,,0.4375301369376271,5192.13091541016,,,30000,1820,2889,5014.1533349902,26034140.54520957377391258043,2.726209850786233531,14154.83844816292240511319241,0.6401016725940997,3323.491683281577400993421433,7876.020258921428670071,40893328.27674268282324218753,,,
2020-08-16,898,197725155.959259,0,0,6.204117807393,,0.5538686050036649,6590.8385319753,,,30000,2107,2960,4835.4981209816815,31869987.33706022729276331047,2.218482573550850828,14621.66042827467517899979848,0.5860231802852356,3862.384157254638770625093881,6566.708417710518450498,43280114.86769303852732170318,,,
2020-08-17,1307,267734576.8079586,0,0,3.193181152746,,0.7246393354850995,8924.48589359862,,,30000,3115,4327,9395.01975144742,83845721.24187291284485751456,2.703130624418620038,24124.05112617840391004759826,0.4938367803287281,4407.239379783894404523076515,11696.44621185936890471,104384769.2229739537213105117,,,
2020-08-18,1496,291918502.9292754,0,0,2.378595349243,,0.8113785897136175,9730.61676430918,,,30000,3877,5370,12612.485772137876,122727265.4939758286759828525,3.097670415337574506,30142.24367378838294619668987,0.43568839121435177,4239.51676356526778735072556,16634.490130362775099274,161863848.5282436164410629114,,,
2020-08-19,1377,369514283.438091,0,0,1.458717179304,,1.0494420362361156,12317.1427812697,,,30000,3356,4368,20566.015417951552,253314548.3447033108827676456,5.618158490169474599,69199.66029122002086843442712,0.5,6158.57139063485,24540.116285060265047677,302264116.1520490511440221349,,,
2020-08-20,2520,462625049.123913,0,0,1.213582652971,,1.2994150862069,15420.8349707971,,,30000,6116,8009,24720.195140034768,381206049.7003766649363586736,4.427036979656517027,68268.60667289918753484624391,0.2657,4097.31585174078947,35456.139170069044872812,546763270.8432495930216205275,,,
2020-08-21,1403,367746428.841345,0,0,3.064742724413,,1.0636472456933845,12258.2142947115,,,30000,3475,4831,9788.749887887334,119992593.8030561106455840341,3.240639494787549784,39724.45337901139625600675417,0.2826,3464.1713596854699,15655.52939931865300809,191908834.2740040553322101573,,,
2020-08-22,1087,418115916.511542,0,0,3.491290743083,,1.1930193678349565,13937.1972170514,,,30000,2550,3662,8592.810569968744,119759695.5624182331170818414,3.377173072539221949,47068.32714809456996687663194,0.21619675364823315,3013.176793281702168284662734,12367.207791638630777818,172364214.0163223152267858006,,,
2020-08-23,1164,374936101.179105,0,0,3.799265502361,,1.0713431031560485,12497.8700393035,,,30000,2531,3602,7896.263101737696,98686470.04166527552666753474,2.983423326488731132,37286.43700668269686533868405,0.25,3124.467509825875,10746.290822012409536039,134305746.0980710740911404751,,,
2020-08-24,1053,433269340.194021,0,0,4.71940003336,,1.2268975192998675,14442.3113398007,,313.84060033258544,30000,2197,3181,6356.740218658993,91806021.3441059558713018827,2.629205307711692693,37971.80163022876821288209827,0.2184623565664191,3155.101369558778483458906673,8363.502083830894455723,120788300.9857577116749239135,,0.15907157769850247,
2020-08-25,840,407792259.85599,0,0,5.463162013851,,1.1967363644067828,13593.075328533,,328.7780246635709,30000,1805,2587,5491.3253394169315,74643998.99217639388402525649,3.083710228818940331,41917.10543170358994438074876,0.2667,3625.2731901197511,7977.558361954598635053,108439551.7518171871692032113,,0.15809805610425537,
2020-08-26,1023,464901311.907801,0,0,6.595783732838,,1.3508232255817658,15496.7103969267,,443.2353399328076,30000,2307,3383,4548.360166911233,70484620.28754056500695490762,1.967962483225495421,30496.94467456222133606616332,0.22106115600281634,3425.720714585479154624480542,6657.617080751851010848,103171163.8340439948047840507,,0.15603569006599782,
2020-08-27,989,426359266.033203,0,0,3.497526810049,,1.2560658716040105,14211.9755344401,,304.839862366128,30000,2098,2897,8577.489646056332,121903072.9966658631630106797,4.490053190170252227,63812.52608703434635372694222,0.17368720250499162,2468.438272646284154137471892,13007.684091923220701231,184864888.0741385013812327051,,0.15545162355467237,
2020-08-28,1648,568907908.649694,0,0,1.857006740102,,1.645019896711871,18963.5969549898,,319.18368971306995,30000,4425,5866,16155.030217261505,306357481.8358284833485012076,4.474958628954028885,84861.31182973795242055271408,0.23193402834120236,4398.303433609743048045733536,26250.107317444333437064,497796455.1932428288544736223,,0.15717088441166735,
2020-08-29,2438,811934981.696637,0,0,3.746183636585,,2.355326702513138,27064.4993898879,,504.7932824555955,30000,6944,9482,8008.149869381691,216736567.2540116421463108024,1.215967826209806237,32909.56049057861691998657615,0.15006303782454877,4061.380995647225046150118383,11529.806928121382740132,312048452.5716664456596166355,,0.16643112493576948,
2020-08-30,3106,967170076.075953,0,0,3.000740395904,,2.7557115251941995,32239.0025358651,,659.3662419353489,30000,8635,11519,9997.532622597751,322310479.5723229582461080994,1.288829691044805856,41550.58367789172935588970651,0.1368876338091781,4413.120773502665964174803474,14846.029211145118649622,478621173.3856348302686010769,,0.16630713049311394,
2020-08-31,2475,1047648030.855507,0,0,4.104974804636,,2.9902859848042005,34921.6010285169,,826.3426249427126,30000,5714,7055,7308.205635299212,255214241.4302779663596760987,1.292062159412083263,45120.8792350327736830025002,0.13154930747017804,4593.912431051255358038360149,9115.498534652247423444,318327803.0031562184376140884,,0.16254138596088674,
2020-09-01,1994,972286713.668841,0,0,3.793776650533,,2.707482813742337,32409.5571222947,,703.4370073441839,30000,4748,5800,7907.687448017341,256284648.0517708142769833124,1.806669777397577091,58553.36735169022481856215807,0.24587985499999998,7968.857205844037455077357554,10478.684708905947127076,339609530.6398033039241959975,,0.16479991042032505,
2020-09-02,2033,956573231.40534,0,0,3.195729478292,,2.7934395639976666,31885.774380178,,729.6559883464386,30000,4922,5917,9387.528013176485,299328600.2157460478177997143,2.156020679986085959,68746.38896103429010899745372,0.3341876773273926,10655.83287989696724384586388,12757.174363477670617677,406772383.4824398945199030871,,0.16411081123824614,
2020-09-03,1681,884444662.653777,0,0,2.874567174912,,2.8730209829628497,29481.4887551259,,694.2691005779834,30000,4059,4943,10436.353779388814,307679246.5915670076546116217,2.714593691994134996,80030.26340526079175634803158,0.34140597,10065.156265487850361623,13418.236619527009283968,395589592.0122040936144816442,,0.16526447377806286,
2020-09-04,1873,823306053.407454,0,0,4.147367757349,,2.6206668385280634,27443.5351135818,,549.4787577484335,30000,4221,5142,7233.503695649356,198512912.6657768191719660233,1.943150117280698558,53326.90847455344369187537748,0.2,5488.70702271636,9991.677903057351983418,274206963.3761538074137308441,,0.16679956025113163,
2020-09-05,1908,655517625.502449,0,0,2.756221425702,,2.1573063886616004,21850.5875167483,,351.8781724666034,30000,5215,6407,10884.46658176649,237831989.6180109059642747045,2.579237010418898382,56357.84402259438597109826077,0.3841,8392.81066518302203,16525.171525753881930937,361084706.6527622308613916162,,0.174341730180064,
2020-09-06,1711,713919229.343643,0,0,3.407813785979,,2.3209413439082223,23797.3076447881,,458.97566661766774,30000,3948,4745,8803.29791593319,209494788.794184050867851307,2.463374303818509841,58621.67615223478791675789221,0.28768827,6846.206266986863005587,11688.711071618829196304,278159853.342354068683078355,,0.17116517447460416,
2020-09-07,1245,686933355.399837,0,0,9.538919520179,,2.2085307842864026,22897.7785133279,,404.8057479304401,30000,2691,3154,3145.0102851311167,72013748.93107053623344996027,1.346890964891530107,30840.81099568876100714512361,0.19035000000000002,4358.592140011966222955570267,4248.094103267885957214,97271917.88040235221049070635,,0.17205066199325625,
2020-09-08,1368,672163138.311345,0,0,5.752101624465,,2.2164651257047434,22405.4379437115,,452.573984912641,30000,3080,3558,5215.485045049374,116855226.5232091261375503116,1.880527478326686548,42134.04171709284823285632824,0.25,5601.359485927875,6690.916767886350739453,149912920.4294163540498974918,,0.1698178741251314,
2020-09-09,1671,836149507.252107,0,0,2.455273479874,,2.72633732787843,27871.6502417369,,338.8237590136129,30000,4423,5393,12218.598150434063,340552494.093231591245614044,3.147766352284092753,87733.44281357021370461695142,0.25955435623348216,7234.208235658798502141653564,16975.90393786811221518,473146457.0935841624602517027,,0.1561433002031327,
2020-09-10,2218,1001497599.558564,0,0,3.055419773324,,3.2302318476666483,33383.2533186188,,453.4354105955448,30000,6058,7561,9818.61813618002,327777416.4788823894129745564,1.845886074757619893,61621.68243094454464183507016,0.28905773,9649.687424294917063324,13956.744611242364011457,465921540.8603717020530724601,,0.15671904126465594,
2020-09-11,2044,1125243376.207668,0,0,2.924918313065,,3.611055900632023,37508.1125402556,,540.8498833704201,30000,5156,6358,10256.696696791763,384709333.9945333152247079946,2.48058739402716666,93042.1511411103290385292602,0.2510326654002905,9415.761465114424171969184252,15771.574651224725626539,591561996.9551794721116998626,,0.15619223437195165,
2020-09-12,2677,1296884515.385328,0,0,3.858786785128,,4.141954169199316,43229.4838461776,,703.9343483178039,30000,6884,8570,7774.464273492476,336086077.7236278620995149597,1.293329190073121369,55909.95333005595904413989153,0.11924003805835814,5154.685299061395449171770846,11083.831158926650131363,479148300.0385795689664759595,,0.1543243091444188,
2020-09-13,2220,1088592310.647666,0,0,3.596568003755,,3.515265424313269,36286.4103549222,,615.1866037155341,30000,6407,7951,8341.285349999494,302675303.0975824863261304094,1.419727839882336328,51516.82699027773608798903067,0.2442727767989848,8863.782217464281378172642983,11288.256054904456140749,409610291.3996982795202462844,,0.15906391910324028,
2020-09-14,2090,1184731964.426172,0,0,4.588686969479,,3.703657772647567,39491.0654808724,,660.5945636629376,30000,5528,6764,6537.817942156451,258185396.4557228512181487679,1.394483563152937671,55069.6417044729242803143199,0.2728912124964574,10776.76474185226374521246144,9432.286821166470407903,372491056.4890548598817653113,,0.1588936517961897,
2020-09-15,2512,1065164286.436167,0,0,3.926887069586,,3.2938325616598356,35505.4762145389,,438.7095441996479,30000,6130,7359,7639.639100484773,271249024.3699234651319406662,1.479457045822621625,52528.82695088707957155333854,0.3,10651.64286436167,10887.32440020867253571,386559637.5315780184724389242,,0.15857953853473747,
2020-09-16,2040,1044140422.879026,0,0,3.166437283332,,3.173200547415045,34804.6807626342,,289.9908765344007,30000,6209,7777,9474.370504009488,329752440.8189679166327126733,1.695564089428004684,59013.56684512824895477592978,0.32835491560498054,11428.28801447304247939905014,13186.40192348159242387,458948509.3545623919960651645,,0.15206428942235428,
2020-09-17,1844,989110871.22129,0,0,3.076310255233,,3.014765892433631,32970.362374043,,238.83116736212057,30000,3955,5001,9751.942265564634,321525070.3464118582161003953,2.749735306641031297,90659.76949265504921735078342,0.4635768175120351,15284.29566157740015636034491,13751.426268511797516046,453389507.2327679011276957069,,0.152918195790686,
2020-09-18,2141,994434285.404721,0,0,2.869872470959,,3.035482323962672,33147.8095134907,,169.11930877262827,30000,4009,4907,10453.426172617907,346508179.533276533991652898,2.647359643020844481,87754.17316055769212141567614,0.33418224880446834,11077.40952616047174704767103,12990.593768303283870306,430609727.6988565953073751064,,0.1485068180465318,
2020-09-19,2071,917511488.637303,0,0,4.663097039794,,2.761813720046754,30583.7162879101,,98.3272393863718,30000,4840,6025,6433.492535966063,196760110.4603733358093507949,1.386380215511938125,42400.65917838877671063615676,0.2625116811245477,8028.582777775491848989840762,8352.940798459427205382,255463971.5497923797506102922,,0.14534060582619257,
2020-09-20,1795,839105927.075247,0,0,4.74024338799,,2.5610877205743066,27970.1975691749,,128.1751395163808,30000,4036,4965,6328.7889554385365,177017477.4572279081295239685,1.57406821911662496,44026.99907605128731520021995,0.1539,4304.61340589601711,7815.248707914042926842,218594050.4125946415323319194,,0.13906540399221076,
2020-09-21,2467,724873109.406153,0,0,4.103562670305,,2.3110051540282375,24162.4369802051,,73.36654281280944,30000,5890,7156,7310.720564130898,176644824.9107023001835112872,1.639957308460366689,39625.36511590038619461898043,0.2998497987737597,7245.101866398149222642204114,11735.534499342384025139,283559112.7693831635761949462,,0.14122208477887463,
2020-09-22,1745,754566199.618476,0,0,7.866179192846,,2.390930722567385,25152.2066539492,,101.25194593038768,30000,4211,5172,3813.795651551211,95925376.36374889391685919248,0.982109471182937979,24702.22037599402272553701902,0.1983902591256041,4989.952795657725440626100712,5079.470184958155229786,127759883.7846410855967924539,,0.13919522380744692,
2020-09-23,1690,659544689.373111,0,0,7.83125653833,,2.1483611255043584,21984.8229791037,,52.2251006908918,30000,3712,4561,3830.802867096025,84219522.90094902767687633279,1.155600589569272115,25405.6743962283170872942641,0.25,5496.205744775925,5270.694289025450114295,115875280.9211973541863428316,,0.14013644581227452,0.14957501391295666
2020-09-24,1778,753976962.960072,0,0,4.684438950931,,2.3402984895460834,25132.5654320024,,84.89241635590032,30000,3971,4726,6404.182083328789,160953525.2477182359488218371,1.957797469288063633,49204.47299949096842687842581,0.22986,5776.971490200071664,9252.550839855388730598,232540339.3955943168115653084,,0.14105949437016344,0.14921734585035668
2020-09-25,1514,806768952.451848,0,0,11.076892903579,,2.5171497846206763,26892.2984150616,,73.53552932366128,30000,3413,3979,2708.340710806017,72833506.60465545812934870565,1.125200533444544927,30259.22852217720238361857467,0.14144331588394293,3803.735859566815688647906834,4477.172922575844265632,120401470.2897430883139729446,,0.13981520193168162,0.14813367208803727
2020-09-26,1805,946074335.291883,0,0,9.070041518757,,2.9357402597770776,31535.8111763961,,121.89604182736511,30000,5130,5926,3307.5923564363557,104307608.0010679389491557437,0.762422714054118501,24043.61874700611812970100351,0.12410874408156426,3913.869918695877519600877363,4518.117003484706234667,142482484.6947582559653687494,,0.14065539214324702,0.14732363376395904
2020-09-27,1655,914755555.456179,0,0,11.14161516385,,2.8341249031299474,30491.8518485393,,60.79149921247469,30000,5446,6231,2692.607809443786,82102598.41177986138784956179,0.587202443290589897,17904.88990591696702951619479,0.119924783175992,3656.728721570546410000028486,3658.858424143665646691,111565369.0037686215146897623,,0.13200429429120358,0.1447973028227374
2020-09-28,1452,860189490.156453,0,0,12.500789037786,,2.672879698953172,28672.9830052151,,5.94314933432014,30000,4757,5210,2399.8485143072376,68810815.66582213046872447481,0.61820616979228728,17725.81500017337370663999739,0.1235144301908792,3541.527157761906161542054116,3220.854144617816727235,92351496.15090327696672116802,,0.11596606610649786,0.1451971850550605
2020-09-29,2929,751308429.481506,0,0,3.13500572261,,2.310052999607339,25043.6143160502,,-22.31889219218308,30000,9224,10892,9569.360522576606,239651374.1786451131265248416,1.354982776394255325,33933.66605690861965270422432,0.3686306368769514,9231.84349502632286944746536,14758.472400486229000469,369605490.6918486852715042278,,0.11381892127090272,0.14639172702637188
2020-09-30,1864,715883426.104629,0,0,5.540037311819,,2.2151876755168622,23862.7808701543,,-31.66756343539918,30000,6145,7478,5415.125984079714,129219964.7423728777336146799,1.185028840473999186,28278.08354504407945816150989,0.160560944382376,3831.430632101670531665320617,8861.645669064565914144,211463508.7498396262176261681,,0.11278982482980329,0.14546000121709526
2020-10-01,2137,683018584.785786,0,0,5.371967736278,,2.146517164303483,22767.2861595262,,-29.75131973073317,30000,6711,7949,5584.545826179026,127144952.8956055465196365375,1.081993419545681071,24634.05380552080965337153367,0.15831101148071455,3604.312100585465723886065446,8600.765691968618830095,195816093.7000849158598825534,,0.11237820811161393,0.14571969341061122
2020-10-02,2158,632298194.193915,0,0,4.641696103122,,1.9939825689174764,21076.6064731305,,-33.89965624848393,30000,7079,8350,6463.1547032604885,136221368.2555838478130175542,1.184046658600206969,24955.68546914166141091243735,0.22180578653793942,4674.913276323335894797066754,9886.789599311728187174,208379973.6673328726973182645,,0.1130103585573521,0.14602502821040111
2020-10-03,1490,570763312.27623,0,0,7.605553813523,,1.8023848677453576,19025.443742541,,-35.46647558891314,30000,5024,5714,3944.4859290404956,75045595.13620451996520944332,1.039497775903296743,19776.90645594466371304201584,0.1648500194523023,3136.344771046566921550902144,5939.690291511437589379,113005243.489267808453981949,,0.11356669929352961,0.1467792092178831
2020-10-04,2707,584750865.073335,0,0,3.330232509692,,1.827526015362047,19491.6955024445,,-28.97527442520309,30000,8625,10546,9008.380019320839,175588600.3069068955497542909,1.320764262412243255,25743.93483345014923785558114,0.25,4872.923875611125,13928.779911399517363378,271495536.7535652737873429476,,0.11325464779320227,0.14616254271022358
2020-10-05,1712,574577942.456028,0,0,9.233998209514,,1.7778934323736837,19152.5980818676,,-12.347445728004852,30000,4966,5755,3248.8635279448954,62224177.37356700750863071865,0.764181158437703658,14636.05458929332361131803199,0.18216,3488.837266593002016,4397.862566808984549872,84230494.16138307734640059099,,0.10564469541253103,0.14555258729286186
2020-10-06,1566,500342481.176055,0,0,4.704596061641,,1.5739425028890592,16678.0827058685,,-29.91609406066067,30000,4269,4985,6376.742999171642,106351847.1342525930614321811,1.922389715090563059,32061.77466119139273057594861,0.20670999999999998,3447.526476130077301438345883,9583.112729726456848031,159827946.6860390927438420622,,0.10697810378751238,0.1457517789860883
2020-10-07,2158,442935636.74781,0,0,3.101142414338,,1.384105386981267,14764.521224927,,-35.5198530882236,30000,6948,8528,9673.854338742138,142829827.7112104449361508739,1.734045401341362674,25602.35013309160735639783617,0.36239742735738417,5350.624508077039226246919206,14787.93918263914088486,218336841.9350052275499480939,,0.10876197336800575,0.1468346306854663
2020-10-08,2319,494223369.765678,0,0,1.969924240286,,1.511035813429225,16474.1123255226,,-26.47270556857664,30000,8608,10681,15229.012053599927,250884455.1777427997090115969,1.937913949043273846,31925.41207373597345450876686,0.41,6754.386053464266,20698.858889731207952371,340995326.3595739325210666333,,0.111083046865958,0.14624968261410354
2020-10-09,1828,544434051.760998,0,0,6.305558234656,,1.6387603231948944,18147.8017253666,,-34.88795400356004,30000,5442,6558,4757.707229649358,86341927.47101976572793200464,1.064636299587941244,19320.80847454995256449078516,0.21722999999999998,3942.246968801386155043965493,6981.884852697718679606,126705861.9760985889443174728,,0.1044797056935608,0.13556405015106632
2020-10-10,1474,481195913.89017,0,0,7.513982411253,,1.4190985205905893,16039.863796339,,-51.95236472835586,30000,4166,5080,3992.5565909062693,64040063.91731212845881348809,1.013693229367439458,16259.50133032475814835162454,0.20771538007760246,3331.726404849530882480845394,5149.561605186592446708,82598266.75804977139471696342,,0.09956412425004384,0.13649925040660565
2020-10-11,1803,505944934.96467,0,0,6.689435483449,,1.4821974025736673,16864.831165489,,-55.03684396971772,30000,5689,6929,4484.683359937781,75633427.69602861163275443991,0.917749419228521168,15477.68900751459351695134757,0.2055332668115647,3466.283843668442302444730638,6359.085725834423175708,107244907.1330686185234115823,,0.0970302030904797,0.13642977385928703
2020-10-12,1214,494341518.272784,0,0,5.215576943466,,1.4268685175347227,16478.0506090928,,-61.88237947108914,30000,3639,4208,5752.000272488732,94781751.59358490190352474233,1.614986121842620842,26611.82304870521727978118799,0.22838999999999998,3763.421978610704262438987818,6795.861600713748502516,111982551.3889515543031028477,,0.09167111818549398,0.13587705406121425
2020-10-13,4281,472595991.932265,0,0,6.312855728214,,1.3776338202032263,15753.1997310755,,-56.586502834004904,30000,6046,6536,4752.207446452746,74862473.06747438685361850832,0.850007644606572871,13390.34019842838292943689395,0.2,3150.6399462151,5555.649965148560285036,87519263.53692791082963511483,,0.08766628479196717,0.1357619262515801
2020-10-14,1342,435796013.963346,0,0,5.40320233588,,1.2723479232959036,14526.5337987782,,-63.21564479992528,30000,3831,4594,5552.262923930629,80655135.02418135618330175749,1.673716453715015882,24313.2986344623670142608052,0.2589798010619344,3762.07883332704443404524855,7689.053388366782961552,111695293.926720114058342693,,0.08553138283484735,0.1363717698330745
2020-10-15,1332,437689883.577747,0,0,10.747010620931,,1.2683816338897376,14589.6627859249,,-58.90869707600014,30000,3598,4166,2791.473932441501,40726663.35002120556935542927,0.880136445530819478,12840.89394589721470720118117,0.24957000000000001,3641.142141483277438896627859,3666.648432081393945643,53495164.17860779647450407126,,0.08465488956417912,0.1332434439410752
2020-10-16,1103,405805763.83179,0,0,7.824915174534,,1.1929512383920604,13526.858794393,,-61.13494363977836,30000,3020,3672,3833.907375460809,51860723.69864022962256044394,1.436284274516111199,19428.41456998662858675986571,0.26706334530522124,3612.528161101946439114536507,5274.035856023160322045,71341138.30099090016134338232,,0.08504449968848705,0.12815223595901162
2020-10-17,1035,419526173.229552,0,0,8.442324837894,,1.2307004475430945,13984.2057743184,,-57.58552600766098,30000,2677,3161,3553.523534813926,49693204.33472123587829347804,1.54089420338595462,21548.18161660361766186406383,0.26833,3752.381935422856272,4870.766576903002553264,68113802.09008403542137708736,,0.08573622651165709,0.1277759225315363
2020-10-18,1173,459162755.431047,0,0,11.126094431581,,1.3321086131752051,15305.4251810349,,-53.82673725452113,30000,3287,3969,2696.363956326562,41268996.79439544939603351901,1.068665051271389883,16356.37298582108319042621533,0.17144226015462743,2623.996685664170955674711327,4241.531588496146445878,64918444.38072387918664331036,,0.08826030328623058,0.12468732987811047
2020-10-19,1074,417502283.218212,0,0,11.042594342701,,1.1848259458241657,13916.7427739404,,-54.49623373781505,30000,2722,3259,2716.7528815208975,37808351.03248770994138101951,1.257669956287619381,17502.66927616766575679936078,0.2533749543925082,3526.154065639416904803953311,4098.746387541351562662,57041199.17103042270117253215,,0.08861231045365045,0.12187963506779505
2020-10-20,1175,393593406.446283,0,0,11.031340600059,,1.0997801441530461,13119.7802148761,,-53.093716329930366,30000,3268,3887,2719.5244066563264,35679562.50432233633331745716,0.997146973600409042,13082.34913556622735510961335,0.2717177178972309,3564.876739299375539859176591,3875.910286384789947579,50851091.08994592574669477587,,0.08803858586638041,0.11841606131275552
2020-10-21,1130,400613593.311519,0,0,8.186253510763,,1.039327251813622,13353.7864437173,,-44.73327978193056,30000,2915,3333,3664.6800591451374,48937354.89437344898791707526,1.743617301922820163,23283.89308944789041566568911,0.2808121086181236,3749.904929296368919290134858,5811.476467308759602807,77605215.66712981874911075461,,0.08530897226345784,0.11725684025829634
2020-10-22,1050,409932710.348856,0,0,12.582874829617,,1.0513117422797293,13664.4236782952,,-45.673062144033715,30000,2364,2740,2384.192834008542,32578621.0146480586836567976,1.203146531022695063,16440.3039469652448301888013,0.2445124294755498,3341.121430963187878369346701,3296.621495002184472329,45046432.81468477083074096826,,0.08495033843390304,0.11642599374293468
2020-10-23,1149,445144841.303544,0,0,5.082787185092,3.320557188702848,1.145500591265509,14838.1613767848,,-32.507251066391184,30000,2619,3009,5902.273478612544,87578886.36556991667591566853,2.532443199102535598,37576.80086582458299656433279,0.2576385727036169,3822.882718660770932938652943,7620.121586099529613153,113068593.805266170218425977,,0.0841207985142492,0.11540252356770868
2020-10-24,1032,445684345.445778,0,0,22.545707964269,3.33220367922797,1.1328576792229978,14856.1448481926,,-40.88886433664421,30000,2324,2689,1330.6302045402747,19768035.05803046757030420251,0.657203658069572282,9763.512739043607307342102758,0.14676842025513237,2180.412910450651201874668254,1767.220636549079866965,26254085.75528826005935196293,,0.0794913093680489,0.11512383248931188
2020-10-25,783,429282220.294668,0,0,15.840265456791,3.208201612079725,1.0972091090415927,14309.4073431556,,-46.789942896285446,30000,1681,1909,1893.9076546307597,27100696.10043199283590902331,1.146196164897863196,16401.38781868627058510995574,0.23658,3385.319589243751848,2188.088478790020841412,31310249.34587209055052363853,,0.07790759322487652,0.11395876047351786
2020-10-26,863,410838302.118606,0,0,9.546606452313,3.063937510800821,1.046936017032042,13694.6100706202,,-56.57441632302032,30000,2419,2837,3142.477921327789,43035009.78811717181704272474,1.751505706684306018,23986.18768950764734435000785,0.2863639227275591,3921.642260047135622255769154,4969.021689863376173179,68048814.47513319551746846322,,0.07013588036324699,0.11355064421554219
2020-10-27,892,402904301.736441,0,0,15.427022289145,3.002759161947451,0.9820569553595554,13430.1433912147,,-55.95497624110992,30000,2155,2519,1944.6397002427018,26116790.01850825681889591188,1.104843142505835658,14838.20182865362976391683919,0.27944122931785603,3752.93577915611563152854142,2783.099875972200021999,37377430.4063784933685511558,,0.07014274291795201,0.10703673827588664
2020-10-28,1152,375938226.90501,0,0,5.21960023412,2.7929448531880663,0.9428866939105058,12531.274230167,,-56.29588233673564,30000,3091,3597,5747.566605559743,72024333.29041922580445136708,2.098878728917916157,26301.62492793475127124402611,0.30015968495239465,3761.383324978988521721919407,7549.666787917744415303,94606944.86578130030479516486,,0.07028747102051203,0.0962282409854459
2020-10-29,1626,324399567.355488,0,0,6.962543137447,2.405847055208244,0.8024597058844338,10813.3189118496,,-56.82205142043155,30000,3586,4707,4308.770431690041,46592108.79581228539442920983,1.383659210934731307,14961.9483131554248942969944,0.3,3243.99567355488,6512.883905869780261458,70425890.71002258497106528114,,0.07095930456604493,0.09455134572112832
2020-10-30,1458,333386701.685682,0,0,5.276100068252,2.4691628259303045,0.8169262788919022,11112.8900561894,,-53.430029313605544,30000,4788,5722,5686.018007982489,63188092.98022246244094126742,1.399856757681643768,15556.45424252987351304647434,0.3317360239409174,3686.545961732829708911784156,8009.980367454365640478,89014031.17575593624145189414,,0.07155394806911293,0.09386739131982944
2020-10-31,918,313746188.25636,0,0,19.185801550994,2.324420579927623,0.7574440014432089,10458.206275212,,-54.06476555030201,30000,2534,2986,1563.6563278455026,16353040.42014878766335206155,0.706999242100849577,7393.943910309233068337875785,0.17638917606274063,1844.714387978828355688754264,2111.099736913136838207,22078316.51618336995549569216,,0.07173990645616891,0.09374474101542972
2020-11-01,863,319357643.68434,0,0,13.326169800161,2.3640893419317,0.7749386867269838,10645.254789478,,-49.49255800240377,30000,2682,3177,2251.2094960427366,23964698.66986729647892400549,0.924586174951002301,9842.455407182301276696848589,0.2517,2679.4106305116126,2937.410277819334309806,31269480.82861817115105197296,,0.07149469962054282,0.09386328477323971
2020-11-02,763,303869672.013255,0,0,13.028296531523,2.2482749906266117,0.7450215747293328,10128.9890671085,,-46.76082616428009,30000,1826,2087,2302.6801644721327,23323822.2109858347423184173,1.366553982764583259,13841.81035103604137235218664,0.3647757905603321,3694.809994531463818064946733,2851.998162029685261034,28887858.20261221833904464797,,0.07010527340856505,0.09362466472183378
2020-11-03,1027,282649358.833059,0,0,7.108236416761,2.0913312612620607,0.6731229721785331,9421.6452944353,,-51.66328504745157,30000,2710,3209,4220.456135823194,39763640.69244918512207287235,1.896885686298340272,17871.78410039443224294514749,0.38935958136057813,3668.40786756918928140007988,6087.106167331373933171,57350555.17816573307065416972,,0.07017497739809861,0.09363211992796842
2020-11-04,1208,253389290.465664,0,0,6.40433993213,1.8705479360877577,0.5977932685906038,8446.3096821888,,-55.8999272783508,30000,3623,4438,4684.323492807085,39565246.87180093966913894765,1.574033258328380237,13294.77234990618261032295282,0.42638048465466016,3601.341615835009171330468958,6985.559600461351490241,59002199.68888363841139478997,,0.07185215554651149,0.09031459014617314
2020-11-05,1517,256502253.687987,0,0,2.532720161202,1.880412941560326,0.5478546306494955,8550.0751229329,,-48.734664087470954,30000,5797,7207,11844.972239554381,101275402.477244711956489764,2.205014003219430666,18853.03537464513960797389812,0.5000235571532433,4275.238976896362657411443275,15891.535921202436808845,135873825.9450675211459724574,,0.06903055569571627,0.08941484915321246
2020-11-06,1526,354019759.544628,0,0,4.952058509036,2.5826112446591347,0.755533609725271,11800.6586514876,,-20.074220682723524,30000,5061,5960,6058.086742161639,71489413.72535207480116700418,1.287144565812763349,15189.15365627363635088288561,0.43815829577298826,5170.556483734576627509346336,7671.381612244069560676,90527355.79139087265876721713,,0.09104177691446498,0.09950589369785741
2020-11-07,2996,420955381.170957,0,0,2.363272567266,3.030248404117172,0.943865850624354,14031.8460390319,,-14.824873342079915,30000,11304,13788,12694.261514956055,178123923.1570712065531432432,1.221867458194912357,17145.05605349425661843902163,0.25,3507.961509757975,16847.108513591451575778,236396032.8655788102194244049,,0.09453517830963751,0.10229355916115093
2020-11-08,1344,456416944.681779,0,0,12.351665140458,3.2887689020038016,0.9815417717370302,15213.8981560593,,-16.166716022725517,30000,4477,5261,2428.822321432094,36951855.43743140334947958717,0.614031484665736424,9341.812472318401724516312314,0.2,3042.77963121186,3230.419640826439327459,49147275.41686711148477536812,,0.09398661565853039,0.09861754176831841
2020-11-09,1274,447587334.138819,0,0,7.601550769304,3.243595217472944,0.9738742251135432,14919.5778046273,,-6.984385939532709,30000,3494,3990,3946.5631303999253,58881055.68487516220083791434,1.237683085706632402,18465.70909467130104013017571,0.25311814336455796,3776.415833690329831620107048,4938.355511969463284448,73678179.28773849115710176351,,0.09138192416792723,0.09539561689185524
2020-11-10,2027,548126552.089986,0,0,3.658920636825,3.964189529858687,1.1926729080302811,18270.8850696662,,8.337195257871612,30000,6227,7303,8199.139303013042,149805531.8755343223937371866,1.422042218825265151,25981.96994436953229355332206,0.22855184393076391,4175.844472919273831409734707,10385.174324080911399368,189746326.5037306943693273904,,0.09837917537053299,0.09799650414812186
2020-11-11,1696,498005720.687211,0,0,7.272339909895,3.6277579593243,1.0552371919001358,16600.1906895737,,0.7412289437532334,30000,4680,5483,4125.219719059019,68479433.9727693615980982502,0.988515728408732486,16409.54959122780527377711268,0.20949025,3477.578097606466806425,5420.031738865080222343,89973560.40870205634276321489,,0.09992148968510146,0.09646212090471529
2020-11-12,1223,465719159.002776,0,0,5.506889947252,3.3880143417150457,0.9529863945189091,15523.9719667592,,-1.4551187582806704,30000,3673,4250,5447.720998123777,84570268.0575989625278111535,1.909055693530716879,29636.12706935289147200753437,0.27837515121778916,4321.48804374731209514323409,8113.486697505546737234,125953540.0447497887790695955,,0.10034571548717862,0.09442817831758513
2020-11-13,1287,538550685.792273,0,0,10.059362585113,3.9091587455197976,1.0993031552590011,17951.6895264091,,23.578616723550272,30000,3676,4218,2982.296318098593,53537257.5782589336171710524,0.908595076066042364,16310.8167107616522357096974,0.22871773010189667,4105.869679974281786957964348,3832.454030846566690476,68799024.88599264911449782359,,0.10256398038765983,0.09581843324523369
2020-11-14,990,517626119.245356,0,0,14.438507745098,3.7560685389311836,1.0715559086525988,17254.2039748452,,18.26321298865705,30000,2514,2955,2077.777047990617,35850389.00028182971707362749,0.966551939925255144,16677.0843237526762681935679,0.2215,3821.8061804282118,2856.160982479128951608,49280784.17668915839128456708,,0.10291768054373558,0.09510221022179387
2020-11-15,1141,527922422.016669,0,0,8.261843396027,3.8369526793756563,1.1007495941221357,17597.4140672223,,30.092391254328618,30000,3327,3923,3631.1508899367395,63898865.75077955326024748369,1.371055767475713787,24127.0360495233925733294929,0.23703189,4171.148315466288819147,5378.651775807225185646,94650362.42228026905188555304,,0.10178874828124437,0.09518394775150757
2020-11-16,1259,559622658.742371,0,0,10.721969979282,4.090650978483104,1.114138955283512,18654.0886247457,,33.393979792570036,30000,3313,3826,2797.993284626611,52194014.70286812193511932782,0.913931403089730896,17048.55739017402620557893943,0.24601852506779248,4589.251369943822544103800372,3496.701548221310407965,65227780.57480582426010133666,,0.10209897974899834,0.09543422497461311
2020-11-17,1943,711554213.507778,0,0,7.502742573173,5.269037287777667,1.341378059033436,23718.4737835926,,54.96775491727201,30000,5051,5861,3998.537828989102,94839214.66958128669717180785,0.941425762622446705,22329.18226995917240678729693,0.2282,5412.55571741583132,5517.696394730160137421,130871337.2842307094623287586,,0.10957811555494008,0.10072236450985966
2020-11-18,2205,768705731.359329,0,0,6.054282456409,5.813856673350005,1.439144649199658,25623.5243786443,,84.1201263461251,30000,6012,6901,4955.170198285804,126968924.3761080087640854555,1.024515366195925561,26251.6944620169909869968609,0.21007625240046554,5382.893974757561912160554067,7070.180542118082298552,181162943.4823792548548441265,,0.1081364298507619,0.10079237011809566
2020-11-19,2973,829403021.329926,0,0,4.02002111181,6.227742502256594,1.5515618984674868,27646.7673776642,,110.7258423911432,30000,7809,9104,7462.647375624411,206318076.0154243214265296808,1.099471572732980557,30396.83480970331861385213467,0.16866066746720437,4662.922239227375409239554633,10009.589198161054993424,276732784.1075390127295161655,,0.10752857282239447,0.1006506647876181
2020-11-20,2502,794258614.387086,0,0,7.125929682754,5.967985844993476,1.4185381802349277,26475.2871462362,,98.2605252661676,30000,5864,6758,4209.976990455504,111460349.701356766301297174,0.894648332539934886,23686.07149889618755513870798,0.1709099483247017,4524.889958044868082088642742,6046.033431304879960295,160070471.1895404355163454165,,0.10824264449212712,0.09897996285455478
2020-11-21,2341,726862121.599041,0,0,6.827131908143,5.4580295415507365,1.2951980156404852,24228.7373866347,,77.3125450224442,30000,5551,6331,4394.231780437387,106466687.8242216807500939915,0.930538436580887462,22545.7714080879508093159436,0.1855132157010244,4494.750984970237316783658587,5891.238841993598521101,142737278.7846048165538874456,,0.11013957889264475,0.09952360644520658
2020-11-22,2173,745175089.29219,0,0,4.508257736544,5.561444210087852,1.3439150960300421,24839.169643073,,67.40058968448331,30000,6531,7499,6654.4553912297215,165291146.3450167619657041942,1.238226972985078576,30756.5298386051354259767791,0.21434784453951009,5324.222473143929734271582107,9285.464070415104244157,230643217.2596999106272853171,,0.10949814885289451,0.09800300063143089
2020-11-23,1606,743272672.595652,0,0,8.493645440747,5.541334155406969,1.3484683052458368,24775.7557531884,,66.77109712081612,30000,4358,4963,3532.052310080952,87509265.34205052506493610736,0.931334170010290861,23074.50792077340722625401213,0.22857247347416446,5663.055774698033070715670964,4622.211485761073545004,114518782.8107984201100063437,,0.10951924614975594,0.09646431698042936
2020-11-24,1682,728735478.187872,0,0,6.016321774584,5.410258672289856,1.268452436718987,24291.1826062624,,69.7567343198265,30000,4365,4905,4986.435420846825,121126413.3621251258847561569,1.445824171336484045,35120.77896248254926965921468,0.24777436675066217,6018.732387891365636721588773,7091.767560405454242922,172267420.8109769042210461762,,0.10926212451786112,0.09608061692744727
2020-11-25,1407,671152962.87399,0,0,11.912774637885,5.009851565148609,1.1932630481074669,22371.765429133,,63.36182858633105,30000,3209,3660,2518.3050055017957,56338928.86209766240441259413,0.958829710235089545,21450.71336386298809701160671,0.24891,5568.55613296549503,3509.31673946042773338,78509610.91173853640553175021,,0.11022871759907307,0.09426520245644868
2020-11-26,1650,683030608.36776,0,0,4.740339728205,5.168066969317707,1.3303765112308163,22767.686945592,,69.52675993381749,30000,5121,5956,6328.660332401989,144088957.2331146923641155825,1.56529399032542165,35638.12354954571284459800887,0.32001815499999997,7286.073169945936539729391632,9322.891006378211349323,212260663.8610942657462080028,,0.11002043926698084,0.09423973676109904
2020-11-27,1527,707560982.906532,0,0,10.689413544254,5.4222995625704815,1.379131890266533,23585.3660968844,,88.21203385771,30000,4696,5351,2806.515051157943,66192684.93797633628454461279,0.661316780146285765,15597.39836576296276251979857,0.21421095198199352,5052.243724457442135032572989,3538.706090562775129398,83461678.65519761376306932041,,0.10882328413558938,0.09408210233556284
2020-11-28,1207,704547582.257187,0,0,20.662708127869,5.535041705141816,1.3234387184372574,23484.9194085729,,117.18511772400733,30000,2905,3361,1451.8910016222637,34097543.16313104860785328447,0.643291964287797307,15107.65993748147583907491333,0.19526255527424763,4585.725374127716846301619507,2162.104291971286747385,50776845.04987524026126552993,,0.10421957980114671,0.09247119621187443
2020-11-29,1086,739915538.236122,0,0,23.109336149429,5.928400965297411,1.355837049254843,24663.8512745374,,121.93912789410436,30000,2590,2952,1298.176624634069,32018035.19805564260753225468,0.578249741895063556,14261.8656336394858712559775,0.20319264451046873,5011.513164286149019907587916,1706.993238074227618276,42101027.35050376231572359821,,0.10430508680115798,0.09248191120756351
2020-11-30,1325,792305347.404228,0,0,9.155068384213,6.445562944408134,1.343044691458654,26410.1782468076,,152.53066875726964,30000,3007,3397,3276.8733930738763,86542810.4033022978814014323,1.243680697509566143,32845.8289033416466580654508,0.22749815726492614,6008.266884186966713231904791,4224.783329439996187928,111577280.7846515737015947343,,0.1032374819942787,0.09267620135031897
2020-12-01,1500,777083681.53815,0,0,6.485719282138,6.426003007541441,1.3762993030928052,25902.789384605,,143.32709640926467,30000,3463,3985,4625.54709739299,119814572.252341611441940919,1.520004892773970267,39372.36660109325830370749754,0.2295673573583225,5946.434907232978588250125112,6057.21949770427151461,156898880.9053566343562045932,,0.1036223714808305,0.09213337183145376
2020-12-02,2644,919664648.619252,0,0,7.888436476545,7.740977579915529,1.5954042224109173,30655.4882873084,,202.65101565619076,30000,6758,8207,3803.034998025074,116583894.8381815801326991708,0.590188927645649197,18092.52975874030371043037375,0.10652241,3265.496492090863181244,4843.680529187842963183,148485391.7299816726558533595,,0.10550004423598838,0.09348587459349401
2020-12-03,1638,894041122.737009,0,0,9.250217177103,7.597679695107234,1.530605774064631,29801.3707579003,,216.30750072391137,30000,4302,5091,3243.16709820149,96650825.12332625471833873145,0.847967840752217156,25270.6040130329826827613282,0.15370233859005306,4580.54037867849808879499119,4317.004277269537541219,128652645.0303509148386233534,,0.10422326291480068,0.09357654663661595
2020-12-04,1491,802181276.679864,0,0,12.320317441644,6.93006505066864,1.4273967257528686,26739.3758893288,,216.58057655304304,30000,3505,4148,2435.0021939042304,65110438.95414550985421653656,0.85839176146354696,22952.85997007684614581246168,0.196539075,5255.33220336598472286,3560.609026550792789859,95208463.15587875780692068898,,0.10418121347094775,0.09471028640919249
2020-12-05,1251,880994641.43886,0,0,15.888814770172,7.725166851943869,1.536335426729285,29366.488047962,,243.46467868095792,30000,2772,3401,1888.1206958443693,55447473.84762336573010604037,0.742181215349719427,21795.25578998944680696561916,0.13860707544658368,4070.40302446506683228488646,2524.158313404395771922,74125664.94175410861089977995,,0.10453648821397148,0.0934641741390901
2020-12-06,1110,866179418.911701,0,0,33.42862433413,7.629526753130021,1.4916397708344087,28872.6472970567,,144.66979471028927,30000,2168,2583,897.4344771157755,25911309.12998228838098628797,0.504788810112065,14574.58927386658131487165909,0.15,4330.897094558505,1303.869496519463895506,37646164.09439737955092305495,,0.09048519885789022,0.0919350745647831
2020-12-07,1112,856667856.871311,0,0,22.144721611272,7.60392016756425,1.4886524859966355,28555.5952290437,,103.50561964271553,30000,2356,2744,1354.7246394251165,38684968.45023580349691205609,0.767771122764418889,21924.16141020916491575068569,0.1825956959121039,5214.12878303158836210365204,2106.763960865565430212,60159898.90961394849443894487,,0.08658847905783619,0.09106181842381691
2020-12-08,1158,763062618.510783,0,0,7.668492381315,6.938001928439491,1.3868082948502751,25435.4206170261,,67.1854271411422,30000,3155,3704,3912.11186087845,99506210.68230006898057257754,1.429971158332539218,36371.91788240416161471073678,0.21198834128245891,5392.012626425020475576819648,5296.613170463725262519,134721583.8364250145966486132,,0.08950063247555977,0.09172664409810775
2020-12-09,1237,775231219.315284,0,0,13.346989359867,7.2460695623798035,1.3911958301216036,25841.0406438428,,73.20222450147492,30000,3228,3782,2247.6979033344733,58082852.875146369561228626,0.816022306827388683,21086.86559700891094315536635,0.21737712757863617,5617.251188801338890603131874,3086.19636442118399844,79750525.68788770116980346247,,0.08923355088243068,0.09015306094157588
2020-12-10,1177,725400962.708865,0,0,11.527695107273,7.014731316694591,1.3216853988672321,24180.0320902955,,32.34187614939255,30000,3962,5291,2602.4283016535783,62926799.84667674092046627939,0.749912108430987499,18132.89884676243630425019972,0.18433427022217191,4457.208569313318990147243699,3967.784965708354858763,95941167.79822005052336357657,,0.08339957063749638,0.09048383746443475
2020-12-11,1615,705150603.359022,0,0,10.887400428895,7.023661913423762,1.301369306119746,23505.0201119674,,41.59488015237382,30000,3978,4799,2755.478701819544,64767582.30436620410898961087,0.867856555646669555,20398.98579477772293237900873,0.1771248532481983,4163.323237928175299048318335,4164.843610548367192316,97894732.82913829230244467509,,0.08134648561237831,0.09051420540295349
2020-12-12,1075,761256471.864678,0,0,17.45042675871,7.806310740924334,1.3487924830663263,25375.2157288226,,63.45826817490676,30000,2818,3475,1719.1556639167118,43623945.84331380479854107753,0.793171517145020957,20126.89835751242033495950594,0.17641934755591224,4476.679002969405187135204129,2756.271022078947826899,69940971.79235566069758106875,,0.08078325969164048,0.09071549570350301
2020-12-13,1102,791328376.746939,0,0,19.793575678787,8.321576095765154,1.3769836578322252,26377.6125582313,,46.9366575186511,30000,2434,3003,1515.6432817821571,39979051.26333592803236507474,0.674291369158741792,17786.19648702860498182504091,0.13137759009398378,3465.427170333230592165047688,2024.896981583701599888,53411948.05054690072117071037,,0.0771817337516846,0.09003905416414387
2020-12-14,882,773224358.198061,0,0,23.3613217885,8.363933631666157,1.3363653045230106,25774.1452732687,,49.37892997465818,30000,1960,2479,1284.173912401138,33098484.97436876459278285978,0.649707040654010018,16745.64365088194741575307741,0.13658269487021235,3520.302219399384759370347608,1610.623753781290835759,41512450.61053634767295708206,,0.07685338153285974,0.09013789074649786
2020-12-15,903,742896204.858009,0,0,21.077184872086,8.33075232729099,1.2743133460786293,24763.2068286003,,40.72071461184353,30000,2132,2596,1423.3399850153203,35246462.43635122833057170518,0.766439580809682606,18979.50186121588375777208624,0.2257066074932392,5589.219403936788597755449092,1989.677151781936046361,49270786.83171643426452073596,,0.07745489489882265,0.08968389678780105
2020-12-16,1111,808481847.704052,0,0,11.576597031014,9.35974309527779,1.261042890536422,26949.3949234684,,44.46910522188959,30000,2715,3259,2591.435109957596,69837608.19678901259318924597,0.98274364587945832,26484.34662133470104272804764,0.22101015423643988,5956.08992861448099991107768,3202.761541921154665651,86312485.63892979071902869074,,0.0781496938449331,0.09015257662067717
2020-12-17,1351,797911092.097176,0,0,11.070442354604,9.575386434893469,1.167086063700372,26597.0364032392,,12.136373722485734,30000,2991,3452,2709.9188125507617,72075809.3072353548002403073,1.023533125105228257,27222.94778834493828057841017,0.23494500258297968,6248.840786458638421787139779,3533.236347863247942575,93973615.76536672692889101747,,0.06530316425480572,0.08959687037925446
2020-12-18,1320,833312191.807266,0,0,11.601759714851,10.169631794468506,1.2051436851045776,27777.0730602422,,8.404576395403117,30000,2747,3212,2585.814629620276,71826361.88720553081265859085,1.129158185986503809,31364.70942871766658920721676,0.18119124,5032.962311355878918328,3626.856093388650235873,100743446.685041145122449285,,0.06427495132060738,0.08864274476441471
2020-12-19,1274,828827332.968282,0,0,16.644528112894,10.292455081254353,1.1580601099868615,27627.5777656094,,-0.06940996678803067,30000,2595,3117,1802.3941439805571,49795784.377101826919614633,0.760084363809150227,20999.2898695610449263151988,0.16770538578757718,4633.293587557813973488352233,2369.182961993121256078,65454786.523421776994408032,,0.06277417429263812,0.08818932309722079
2020-12-20,1090,782964696.611391,0,0,19.039035874121,9.908201836916982,1.1092405838776647,26098.8232203797,,-1.4219446375674887,30000,2255,2730,1575.7100411149445,41124177.80963616530822263443,0.782750797296659889,20428.87468425679081720936434,0.1485,3875.67524822638545,2136.909676619881495733,55770827.88802103889869732032,,0.06314630629283177,0.08863857225276837
2020-12-21,1062,746019084.701424,0,0,12.708027774781,9.490333436263253,1.0841369525957298,24867.3028233808,,2.6355704243108895,30000,2544,2958,2360.712498562058,58704552.58068260766354216569,1.0555262746633352,26248.09151008817319894706764,0.24393932741048646,6066.113125248403322439189824,3122.246720454145522111,77641854.68684081633519261783,,0.061614522854818415,0.08895505394360953
2020-12-22,1029,746237347.363041,0,0,13.793920972811,9.533699452998455,1.0470469634204638,24874.5782454347,,0.14255147362211773,30000,2795,3483,2174.871094240202,54099001.20741208993827170581,0.896432895521922144,22298.39020144164186340953684,0.24438,6078.849431619331986,3122.275775102854827403,77665293.07162123860654910464,,0.06144736337867239,0.08845211516302709
2020-12-23,1220,628077036.19434,0,0,7.139103886519,8.108112902456709,0.8982562263371014,20935.901206478,,-15.498435587444185,30000,3658,4470,4202.208074972939,87977013.10669754748730149884,1.354523545947577234,28358.17113980674088104168612,0.267535398864769,5601.094679868490258668773582,6054.720250385670237263,126761024.9949361317651170982,,0.06904795690294217,0.09148527703969433
2020-12-24,1591,700220627.78247,0,0,4.423599317477,8.92998135420019,0.9845220545367511,23340.687592749,,-3.9129219392898387,30000,4899,5992,6781.807719671656,158292055.2989496094953264223,1.658086200863869311,38700.87201621164067281432723,0.28058,6548.93012477351442,9935.252515576304910178,231895625.1211401508803669715,,0.07205979523984161,0.09225903895126523
2020-12-25,1456,708493907.236086,0,0,11.549134448867,9.090833529956072,0.9573272635523591,23616.4635745362,,5.563701038016098,30000,3607,4448,2597.5972600216814,61346061.07261707688415694917,0.830386201292322811,19610.78547561762647296373001,0.21093677711949926,4981.580713372715218801430743,3693.557823348251863493,87228773.79554720255563938755,,0.07044283889130837,0.09200608970205441
2020-12-26,1533,672437454.376152,0,0,13.682688531047,8.668918405304954,0.8465338831927496,22414.5818125384,,-1.550904726937855,30000,3652,4611,2192.5515538798177,49145126.18264736960890456625,0.723701454979960339,16221.46547050139670239196491,0.22351483,5009.991443350612344472,3336.987408912597121304,74797177.28448194015382273841,,0.07105453611280448,0.09227508271976045
2020-12-27,1353,689609725.495083,0,0,11.56616961355,8.902015393454192,0.8697028325701697,22986.9908498361,,-2.5370615176812796,30000,3449,4176,2593.7714042213897,59622999.53540361727503235923,0.876423097648775543,20146.32972623741417494014724,0.28447883477469277,6539.312371937898434531582355,3659.942855781286668405,84131072.93676744161379016621,,0.07090321445338277,0.09172930058937892
2020-12-28,1336,684669125.591466,0,0,15.701099456852,9.093950029692763,0.8440404452603968,22822.3041863822,,-2.8214498447408745,30000,2819,3658,1910.694221283223,43606444.72528837789584592583,0.762845355046410415,17409.88874003790813322723525,0.2593620170623836,5919.238847791368820338992612,2790.488308759769298088,63685373.01105866795175602802,,0.07091006942058117,0.0894036519764555
2020-12-29,1287,666150587.505792,0,0,9.627608369234,8.927067041166419,0.8154255694201928,22205.0195835264,,-9.96937446484468,30000,2829,3402,3116.0386722696644,69191699.74077349981592069654,1.29911970549406849,28846.97850184084012376531732,0.319875,7102.8306392805072,4419.605238090821002304,98137420.86326253808603901629,,0.07042515176477016,0.08952852239187188
2020-12-30,1662,656392168.399071,0,0,2.243683403956,8.584858774298901,0.7585381170548284,21879.7389466357,,-17.154141323220824,30000,3609,4416,13370.870394239386,292551153.7152577302209451337,4.419237450549969508,96691.76176122922621061467418,0.3738640959219753,8180.048820292788154437633498,19515.35258162866534606,426990819.9375882629183308922,,0.06912164263209901,0.08909539032373344
2020-12-31,1317,685191860.398386,0,0,9.067381672772,9.041218524349922,0.7869616258002853,22839.7286799462,,-11.825215652177173,30000,3027,3620,3308.562612963125,75566672.40069162517634758388,1.210997912751957328,27658.86375923586582275171174,0.28512623928922276,6512.205944899264094806996616,4383.812444162085529158,100125086.8084338343194270286,,0.06964847065202795,0.08918082630962157
2021-01-01,1317,659181029.323839,0,0,10.340514356985,8.712433153717004,0.7478618843142071,21972.7009774613,,-28.323761241284284,30000,2756,3499,2901.209646281882,63747412.03067806104862854617,1.14759714413882621,25215.8088907509830506914477,0.22785036246435666,5006.487882035481083063264547,4015.442407341752908463,88230115.30873768968718430229,,0.06176328133217517,0.08906140714862974
2021-01-02,1390,645219770.3724,0,0,10.966998210095,8.67667938453708,0.6716278890021421,21507.32567908,,-27.831085845678956,30000,2826,3480,2735.479611219894,58832850.88698940111075561752,1.077979256801188368,23184.45095131577232534659694,0.2756311784478144,5928.089522185760500821802752,3751.367813668135519634,80681889.31057888767056978772,,0.06171030500913236,0.0884750672804309
2021-01-03,1650,718309126.991964,0,0,5.361088103643,9.557082737608953,0.7195070636923384,23943.6375663988,,-10.455510758744852,30000,4360,5341,5595.87893726517,133985697.1393221182355575698,1.349726104347272774,32317.35265639846707160912047,0.35955,8608.93488699868854,7208.887123318783886125,172606980.5378242126340375472,,0.06251541584895555,0.08778582166606616
2021-01-04,1579,695786767.375404,0,0,2.839380898998,9.071423066719813,0.7292870023744503,23192.8922458468,,-21.022588033108846,30000,3636,4219,10565.683530020435,245048759.6154821924162478794,3.350900886809956475,77717.08319429580518876570752,0.5155,11955.9359527340254,14137.45084145120636947,327888373.9967340021249162493,,0.0599191964242813,0.08801373485508665
2021-01-05,1451,713682505.696002,0,0,6.510599476221,9.349723642776945,0.6994177237309325,23789.4168565334,,-17.60569575842631,30000,2840,3348,4607.870613077816,109618554.8354782881750822031,1.913829579204027359,45528.8896520485122148271915,0.42012638908970235,9994.561802485074997053258833,6407.501431175083598807,152430722.5550584189160571769,,0.06019590880301138,0.07835877619589543
2021-01-06,1472,744684983.051442,0,0,9.616260994554,10.008564104223884,0.6774184601182022,24822.8327683814,,-13.071912634711028,30000,2871,3330,3119.7156584028917,77440180.07343585418883008849,1.398175628857952417,34706.67981596745185893882331,0.4,9929.13310735256,4655.924844096981548432,115573243.7871716146858478174,,0.06084606485600847,0.07556044454997299
2021-01-07,3235,979505470.957176,0,0,2.947965056772,12.69821523523855,0.8325803960555209,32650.1823652392,,28.365018439615053,30000,8927,10702,10176.511397611775,332264952.9739597007476566116,1.270653397291115929,41487.06514456567236883842702,0.38626378150243,12611.58290714124748718233126,13598.532657809522672578,443994571.1771418257050219225,,0.07603886179613899,0.08245589125414911
2021-01-08,2446,1055424425.254254,0,0,3.537868119583,13.235757062407274,0.8627949753491523,35180.8141751418,,36.14317882946563,30000,6623,7735,8479.682957639418,298322150.3968291803565434195,1.453928141553141511,51150.37577199033439644195389,0.3976398119508859,13989.29233288244639986226812,11246.134174913549587742,395648156.5963452365620019012,,0.07699149537724191,0.08272736754986021
2021-01-09,2401,1086845393.952468,0,0,6.847061658406,13.473784994383085,0.8973883444618425,36228.1797984156,,49.82684747120558,30000,5764,6785,4381.441484928064,158731649.8922109367691871754,0.925745285830009002,33538.06666258520752920549334,0.26812300026403896,9713.608261656236835466664672,6281.18176435661107859,227555782.3056406330863838359,,0.07567491221173774,0.07898078363881561
2021-01-10,1587,1023774325.431513,0,0,12.110585083659,12.709821929786106,0.8903312892790546,34125.8108477171,,45.18520165120899,30000,3433,4175,2477.171812324793,84535496.70469244915304778006,0.872807735397778404,29785.27168460890254597929508,0.27776412243326665,9478.925902439791730410248065,3643.972295285724836667,124353509.2832421681283374052,,0.07648793302394213,0.07828375528291248
2021-01-11,1320,894200656.69875,0,0,6.028732653236,10.989844828159228,0.8451119795751252,29806.688556625,,17.463783855712727,30000,3616,4317,4976.17023768581,148323156.4794475392491439912,1.491733451672527456,44463.6344035022365896463232,0.504,15022.571032539,6439.813310870301027703,191949509.7199191553620039872,,0.08006082261275993,0.07993155417211369
2021-01-12,1332,880320849.924339,0,0,14.310268313952,10.847610219256879,0.8704206365483269,29344.0283308113,,11.245960058103556,30000,2783,3452,2096.396751048452,61516725.65538653937477076911,0.92638303397194993,27183.80999405582572672295988,0.31855172854190716,9347.590947162634312635892079,3197.874233271171159379,93838512.09948071043854922237,,0.07989455563251006,0.07802162887259584
2021-01-13,1478,995875097.609523,0,0,8.654695694687,12.147863049492642,0.89005119206476,33195.8365869841,,28.795101583495402,30000,3641,4645,3466.3263803042123,115067604.0777307322691085831,1.042512816202880612,34607.08508650741468084492544,0.2689669124003358,8928.581671347214566818749261,4842.472031262380440989,160749910.2268269411343987688,,0.08263570318378059,0.0791570330106535
2021-01-14,1509,965924402.376417,0,0,10.639792328806,11.720686638526322,0.8246139748669696,32197.4800792139,,30.021447957327453,30000,3203,3955,2819.6039051231833,90784140.56647741361812132961,1.047375779173879434,33722.8607854021198325280881,0.27808588,8953.664581610667089732,4142.371206632693159527,133373914.4062653838750888846,,0.08246204738102743,0.07932794745400354
2021-01-15,1493,907443396.210297,0,0,7.973200652995,10.91669670618882,0.8239676289613067,30248.1132070099,,12.240416873585797,30000,3305,4086,3762.604417679058,113811684.3791517083608540287,1.394222239232445424,42172.59212803384877276951598,0.3429629380777116,10373.98177678334677338407054,5696.792069503772003729,172317211.4351463061238001055,,0.08216796892900641,0.07961469665041568
2021-01-16,1747,1010643338.504742,0,0,9.118244539254,12.046190418491399,0.9311957362705663,33688.1112834914,,26.661146650867448,30000,4066,4886,3290.1069795673625,110837490.0622570736645604894,0.950770747371949825,32029.67074255453424255095162,0.2890659773427986,9738.086812995402896722855032,4645.465871659346842692,156496971.2481214542330361943,,0.08424239718189479,0.07475661187198525
2021-01-17,1732,1044320455.409094,0,0,9.332986345165,12.326651220302217,0.965088446544465,34810.6818469698,,25.32163403780264,30000,3852,4727,3214.4052172048127,111895637.3433565904993654716,0.943458405064989357,32842.4303745669054211351397,0.25350718648886184,8824.758014784210604347054852,4459.727880742204692805,155246168.3805777620045868104,,0.08411001966292407,0.0742553609249243
2021-01-18,1887,1135241518.065816,0,0,6.152677928706,13.143290542823838,1.034078740578099,37841.3839355272,,36.96960427211925,30000,4445,5389,4875.925629071424,184511773.7707687411128198947,1.199739827494185162,45399.81543495063253227710689,0.2631025209370612,9956.163509184416488829840665,6465.397930366163838228,244659605.3789489587243880196,,0.0851974052380449,0.07438258572954777
2021-01-19,1473,1047342830.372193,0,0,10.346316870323,12.044620473334543,0.9630699831306438,34911.4276790731,,33.76629047324989,30000,3141,3989,2899.5825641152837,101228566.9866120669965543595,1.090326176481502736,38064.84345683427629260542759,0.35383,12352.710455686434973,4349.311117984714413966,151840660.5493119281333675592,,0.08594930694062396,0.07494861008912145
2021-01-20,1257,1014220768.839843,0,0,11.405589404774,11.580336385925383,0.9519048862380152,33807.3589613281,,35.95104865792545,30000,2568,3106,2630.2893200278877,88923135.21433040393039782965,1.347577078319135125,45558.02201479275172533511336,0.31849457,10767.460255223839838417,4185.574405259233698533,141503216.3779462868684583447,,0.08562237691628004,0.07410662668771208
2021-01-21,1300,850078879.766271,0,0,7.958215976323,9.68253737845809,0.9133870802056103,28335.9626588757,,13.915349154015413,30000,2691,3236,3769.6890973121726,106817769.4970085677049670403,1.609360797557780737,45602.78746425568981140506754,0.4299856620072301,12184.0576624888198838333372,5207.891540896978464156,147570620.2343314122077180915,0.11274664249071745,0.09216768678951359,0.07769190783297003
2021-01-22,1105,927787813.38861,0,0,8.694260437672,10.452639367891893,0.9375447736831828,30926.260446287,,47.71879242875763,30000,2177,2667,3450.5522597427403,106712677.8683281359740863403,2.004296829623004585,61985.40576458836097886394723,0.4037,12484.9313421660619,5345.459644604553227818,165315077.1741571587189709471,0.11259705579475772,0.0870553277063615,0.0784641468701194
2021-01-23,1194,915945097.357641,0,0,11.157337625095,10.248665206536417,0.9530289122093576,30531.5032452547,,30.808071201551027,30000,2155,2795,2688.8134972741354,82093518.01790990441742509529,1.675353967372343072,51151.07509177902928151100442,0.2030807624534407,6200.360957896023563661962846,4682.614338805698885658,142967254.8815223868240539225,0.11226497331230839,0.0852566109687786,0.07843422925110849
2021-01-24,1178,966598260.567294,0,0,13.438447603762,10.776721279516307,1.0001191245347916,32219.9420189098,,36.43000323575144,30000,2241,2916,2232.4007120882957,71927821.50645783731829665403,1.19935257835353117,38643.07053478074717874174372,0.19681968910534867,6341.51897115418699422146228,3497.312118478896893149,112683193.6794206588192532218,0.11135948047643045,0.08564942392193053,0.07786766441602451
2021-01-25,1252,886745332.386171,0,0,6.583669833134,9.755225636572325,0.9117349119461297,29558.1777462057,,31.870306541571406,30000,2667,3365,4556.7291131482825,134688609.0677471989681958467,1.965597848028148007,58099.49056957541787944104227,0.41,12118.852875944337,6614.236758614718043814,195504785.7666212811719746753,0.11011950659463512,0.08672407666943148,0.07875604374792218
2021-01-26,1072,910624098.037017,0,0,17.208538343265,10.041372217309872,0.9299492105107658,30354.1366012339,,32.049195997527995,30000,2068,2582,1743.320635464703,52916992.70864548267252969703,0.993489731674418987,30156.52302716852763694468979,0.2372769991045351,7202.33844314991219408974586,2565.190487183349824195,77864142.45614913835133655039,0.1101144084864706,0.08673305107626333,0.07870606153070606
2021-01-27,1046,833082370.117194,0,0,9.802410277812,9.14331392164281,0.914703120847496,27769.4123372398,,21.676637514144957,30000,1851,2384,3060.4717768145542,84987502.7168482930947152955,2.288313748749964206,63545.12804601271198735505084,0.29129502022445397,8089.091528397469129456451952,5455.339977019914667382,151491585.2616943053855743378,0.11026435913899034,0.08853560291752757,0.07961552900171942
2021-01-28,1118,902204505.230631,0,0,7.463872012325,9.832776001505106,0.8974135482648853,30073.4835076877,,35.435518958059404,30000,2012,2489,4019.3615258219093,120876202.5582396588741076421,2.329774374497929063,70064.43122809689691912868976,0.25,7518.370876921925,5798.808418125345436996,174390369.3267331764073217137,0.1099566581410159,0.0892759936855758,0.08001550175170463
2021-01-29,1116,899938026.693639,0,0,9.886323542663,9.720176093631222,0.878001610574747,29997.9342231213,,37.103711777758114,30000,2313,2734,3034.4950648782647,91028583.35660438622435256161,1.426922581957612088,42804.72975505085969916514597,0.3545873805359544,10636.88891766644202698644247,3901.206339072111448634,117028131.1503090504187774223,0.10988084112666285,0.0891863386150335,0.07955997950136512
2021-01-30,1239,934188085.575906,0,0,16.003545008659,10.04861361710823,0.9065408445140573,31139.6028525302,,36.33963559239421,30000,2382,2899,1874.5846613214917,58373821.8669960818176469833,0.975619868554539786,30380.41524182608589198068667,0.27252621943602384,8486.35824013927920114897152,2828.321998939610840588,88072823.78605382303118198382,0.10980707887204116,0.08912209718078419,0.07963708368465897
2021-01-31,1316,907438555.022694,0,0,6.862655905514,9.635467007754496,0.912241527431311,30247.9518340898,,37.66150945719834,30000,2600,3166,4371.485385984995,132228479.3987015867943922826,1.975176878525452455,59745.0550854457256855886381,0.25694440686051084,7772.042042755504652690954433,6253.409997411582471858,189152844.4005211675002470046,0.1097943176531,0.08895629936625615,0.07671306969323931
2021-02-01,980,929692887.734058,0,0,11.657795930076,9.82541931082287,0.9231311282144129,30989.7629244686,,44.08933675381169,30000,1629,1933,2573.3852419395616,79748598.56103328424486699697,1.611640202696454431,49944.34780110564295104287479,0.22007307057872838,6820.012283294638214463775239,3115.300511812246415812,96542424.29953720784571782362,0.10944217131555094,0.08877914738319556,0.07668721989072112
2021-02-02,1089,956608857.738555,0,0,6.906060907858,9.993755427080465,0.8957980821399842,31886.9619246185,,33.17509436981676,30000,2119,2495,4344.010341099745,138517292.3467965914970795723,2.254653151277862988,71894.03918801833201651022717,0.41985979662035694,13388.05334851138891327884333,5625.359612438268153876,179375627.7741057383434388539,0.10905659657356476,0.08701584586967526,0.07541343498064894
2021-02-03,1226,1016635872.372099,0,0,9.007810978275,10.606596692644063,0.9017916296116834,33887.8624124033,,46.11313696105181,30000,2627,3058,3330.4428869959625,112861590.3268864088158370217,1.521894825752191143,51573.7624612387480447348756,0.48,16266.173957953584,4653.954377150200515188,157712565.6064680915172071362,0.10862916915867225,0.08714091223022785,0.0748603059747595
2021-02-04,1506,940234065.447081,0,0,6.1294718798,9.717231075943957,0.8441101083557631,31341.1355149027,,31.74402594191936,30000,3128,3932,4894.385778792492,153395607.9553480811002768705,1.943744969642909759,60919.17449998886953018873577,0.5407251135980867,16946.93906158879195586605666,7642.805220635921172958,239534194.1339562350105665563,0.10876369424822964,0.088654921100561,0.07554159663458347
2021-02-05,1486,1193355099.1735930872,6666,216955901.6825170872,7.392978882108,12.356919446903937,0.8554681584318351,32546.6399163692,,31.115736145256403,36666,2691,3151,4959.5705039465165,161417355.3317930028781096679,2.112419712887841419,68752.16374760058451670167186,0.494,16078.0401186863848,6656.234515309588310355,216638067.9686894417823793391,0.10839073716786879,0.08859721933022885,0.07566820469258669
2021-02-06,1337,1160510639.2259306724,0,0,11.553693906754,11.92967537672109,0.804511341498397,31650.8656309914,,-3.0606773434494405,36666,2275,2679,3173.5304999351974,100444987.4293018947525611167,1.555974795568537106,49247.94917974908081000171447,0.37958,12014.035576211715612,4168.456477328110908136,131935255.8525477875267728989,0.10335493562814364,0.07327421728481871,0.07418410888113197
2021-02-07,1034,1134417934.2680812656,0,0,21.855337374031,11.67074896463913,0.7932524114269942,30939.2334661016,,-12.056516622737043,36666,1685,2018,1677.6679935202924,51905761.73013055284032712011,1.230545109733048877,38072.12244060041152464099545,0.3227282657321465,9984.965159596957176613155084,2483.240031441292634517,76829543.08513163047934210848,0.10328287430683547,0.07195081254732198,0.07424383625783405
2021-02-08,1223,1195665110.2757289096,0,0,9.579155223587,12.336085906328458,0.7070310909641279,32609.6413646356,,-9.988187245162814,36666,2333,2722,3827.6861731726895,124819473.3635358799659970394,1.770778856708170914,57744.46345333290615527980013,0.4685583249263163,15279.51893426157193995059984,4820.060047959641226718,157180429.5199721705158661427,0.10329139847445454,0.0724488162428281,0.07394653918447507
2021-02-09,1327,1287851921.2185053868,0,0,7.010322599965,13.113980097037544,0.7545705636569487,35123.8728309198,,2.924654267283051,36666,2513,2872,5230.287119765696,183707939.6638481037932001672,2.762436365828718065,97027.46361687613984627292883,0.46767482,16426.550903903307899436,7933.717242660078283423,278662875.5076682736645928891,0.10316035013037878,0.07299030482101838,0.07434847881210392
2021-02-10,1581,1329986603.978554221,0,0,5.567551118275,13.310637366004574,0.8046700864401987,36273.0214361685,,21.694234390576938,36666,3702,4282,6585.6602339303,238881794.8366762301793280556,2.14609150965103476,77845.22333355120114843731472,0.6753,24495.17137584458805,9189.563844325730840846,333333246.314266243264142148,0.10304471815826793,0.06847280638736872,0.07386088844531552
2021-02-11,1975,1614422200.315793841,0,0,4.196697285203,15.583445747586778,0.9193544605542048,44030.4969267385,,50.04925850792741,36666,4892,5763,8736.870331172699,384688742.2660123040341943122,2.051284290677288977,90319.06665653333620847736261,0.5919348834109532,26063.18706485528717872885214,11821.551367173216374712,520508781.1416016165809470004,0.10393906880787532,0.07635673927999552,0.0776436305267677
2021-02-12,2035,1740987604.4726687886,0,0,7.466054355913,16.456833120347774,0.9990980427725241,47482.3434373171,,43.0370441573226,36666,4710,5588,4911.02773327157,233187105.4613896052224065048,1.363935418274535572,64762.84995683224790251209619,0.45769478255920715,21732.42085494444669827549914,7621.671117318104776151,361894805.55877860127045336,0.10265520795550806,0.07445978162402257,0.07800455987857152
2021-02-13,1600,1733538687.0675201972,0,0,10.009639874951,16.200466414994317,1.001494693471872,47279.1874507042,,46.841266255575,36666,3149,3722,3663.0688474375215,173186918.6828335642442706776,1.342972041772293256,63494.62690400720397861088611,0.4558874089019996,21553.98626189347368157380812,4998.541939476475499678,236327001.3367148132483879107,0.10029776768549042,0.07409688886482992,0.07775084764964871
2021-02-14,1332,1607197510.148341923,0,0,11.521112898233,14.884828350541808,0.8976778861436433,43833.4563396155,,44.91302660642396,36666,2391,2752,3182.5050517146415,139500196.2349395071366178303,1.611545443619538346,70639.60684220332643727510115,0.378845,16606.0857669816340975,4434.973060840969528348,194400198.0297435543622190975,0.1003285554742736,0.07459746526663336,0.07792459147099227
2021-02-15,1066,1487540176.2781126686,0,0,10.464254523905,13.709886793994501,0.8432719044780147,40570.0151714971,,20.428286495770756,36666,2380,2829,3503.9285327242824,142154433.7324657098017055312,1.777983878537044665,72132.83292692515913057537762,0.514,20852.9877981495094,5029.916392381299357484,204063784.3502712751884711763,0.09907102857825231,0.07409178047177788,0.07865902251085015
2021-02-16,1271,1569484905.9254629362,0,0,6.66554845433,14.306182978064866,0.8710740485513747,42804.9120690957,,22.9648768652941,36666,2480,2894,5500.822663164547,235462230.4044472683420825901,3.045672302503434792,130369.7350999397656813848834,0.5,21402.45603454785,8814.175643444940287252,377290013.3792256818478551424,0.09777907886819183,0.07444655203334037,0.07875006139483662
2021-02-17,1068,1604733275.1461653278,0,0,8.025173561125,14.63690099857953,0.8380335037442352,43766.2487085083,,15.657103828643454,36666,1893,2203,4568.873149063545,199962438.5595406259878188599,2.420081943496697618,105917.9082340465987779385489,0.45800103206378934,20044.98707805728869995719684,5331.440521523224852286,233337151.8396046571004458935,0.0961835612205157,0.07310129889486054,0.07875582086871949
2021-02-18,1050,1619589247.213623462,0,0,12.554101824305,14.746178161929839,0.855205404248084,44171.418949807,,26.524241162112645,36666,1704,1959,2920.639047949463,129008770.9881411852642696036,2.446248668213910897,108054.2747790840804563920133,0.38779502646799735,17129.45658076940527423145901,4792.201141031051446725,211678324.2922257135920745875,0.09575317404882941,0.07129850466856454,0.07829796176946123
2021-02-19,1157,1645803327.0854371266,0,0,9.484767115236,14.883888867922387,0.8041195951054195,44886.3613998101,,32.77097880125791,36666,2109,2393,3865.7775730836747,173520689.2367146238631079902,2.592808773955196024,116381.7516683514617549329819,0.55,24687.498769895555,6204.591396074784085594,278501531.7423650479868262162,0.09536400013556078,0.07090855016207566,0.07794245386104284
2021-02-20,1303,1552827056.2147281708,0,0,10.36425476007,14.064912089940547,0.7581313746457071,42350.5988167438,,49.45883196764548,36666,2429,2799,3537.7362722943103,149825249.5873790396340491128,1.929816776351744233,81728.89608509451383187505549,0.43975131,18623.731308947535984378,5401.557157008532108898,228759180.142179544246376568,0.0949272489293319,0.06306015817817807,0.07842751637808447
2021-02-21,1196,1579185977.7690098172,0,0,26.062763477017,14.342514870737011,0.7490253075051604,43069.4915662742,,39.26511302935467,36666,1794,2140,1406.8346985665444,60591655.18505369039991147687,1.005927469829410873,43324.78467810135636564942158,0.2059631814137055,8870.729504860592093401451048,2152.684785434939268629,92715039.21113690264010518423,0.09479921512338162,0.061498168070251616,0.07473306951293553
2021-02-22,1264,1438762045.985620524,0,0,10.370416806122,13.043972543140296,0.7273051381828064,39239.678339214,,28.521933636899295,36666,2208,2513,3535.6341683736605,138737147.4921168304920218728,2.034876273944084704,79847.89044966419417935406078,0.3924210986012921,15398.47768263568292888249841,5113.644076421484861373,200657748.7000061199813887237,0.0946248398342339,0.06425810458420886,0.0748491362948805
2021-02-23,1209,1208837987.692175043,0,0,8.78176051614,10.870414801253917,0.6789245504946937,32968.9081899355,,2.3245422682205206,36666,2280,2625,4175.244807986918,137653262.7450255749729432638,2.071085897464911595,68281.44080699083908163497625,0.5792111259974763,19095.95843559995918877405978,5436.600480845392938131,179238782.1183509526307007613,0.09532161973485347,0.07173874116872539,0.07847757011912418
2021-02-24,1012,1232073599.3640262818,0,0,12.276464118539,11.127979848982074,0.6779184510476314,33602.6182120773,,13.682983100643863,36666,1802,2077,2986.690601297054,100360623.9929844887458277103,1.930383872876347264,64865.95228301505807069611361,0.5,16801.30910603865,4009.407303964173267875,134726582.8918222756312164601,0.09292618674191562,0.06988761001346042,0.07812658459987881
2021-02-25,883,1176977806.7917612302,0,0,29.629145679699,10.65867203068273,0.6748210950706436,32099.9783666547,,5.751577744925329,36666,1203,1409,1237.4977124339664,39723649.7979150003959014202,1.189027106816990962,38167.74440619143704825061207,0.2495438926070926,8010.353554218476184648555125,1675.339193505140265666,53778351.86832373480766190791,0.08915933082730662,0.07033782500407704,0.07837901472531904
2021-02-26,945,1137382399.8514843488,0,0,18.697145687786,10.27246381479915,0.6709690245957183,31020.0839974768,,11.705943290264482,36666,1346,1585,1961.0479916168676,60831873.42303841247643071967,2.043262847714524331,63382.18516502819195031051621,0.25657870198215377,7959.092887449977065475309608,3238.571613627521064235,100460763.4865696842288341346,0.08823710279116266,0.06858699486897116,0.0785311085789784
2021-02-27,942,1149389684.5852787058,0,0,27.077305314959,10.37005519949909,0.6839291846825414,31347.5613534413,,4.236548936633518,36666,1358,1633,1354.1229296455845,42448451.61716663710814842494,1.160633896642685508,36383.04228389023241930238944,0.22068398150725693,6917.904650020441868948578773,1895.315153217505434737,59413508.04959274954614393007,0.0880363352444074,0.0670894925874474,0.07841734242802455
2021-02-28,875,1134145561.488015006,0,0,22.353538613488,10.269380688389944,0.6819261548261971,30931.804982491,,3.113116898062623,36666,1453,1731,1640.277212211731,50736734.84535726829583980192,1.319768675035286642,40822.82727819202479825597619,0.466,14414.221121840806,2284.519576486081176545,70664314.0185503949023657184,0.08786667508560628,0.0671403568103784,0.07841132202285407
2021-03-01,957,1270867218.5038285638,0,0,14.9516956851,11.547808005577672,0.6983183507077882,34660.6452436543,,11.307280981709761,36666,1669,1940,2452.2971020965633,84998199.88781047006469516327,1.628752053184988628,56453.59710531845155649623466,0.3191471648829235,11061.84666252505705219080735,3159.778983178877937961,109519978.3843177960071595236,0.08826831359997853,0.06995950116010671,0.07950707805289561
2021-03-02,885,1221572391.356221506,0,0,35.740947055951,11.193011247314574,0.6897095445719101,33316.216422741,,10.143710243525424,36666,1242,1503,1025.8821609455722,34178512.0982918982590873374,0.975701942726192691,32506.69708795467952099068039,0.1724565941738024,5745.601215023215377345800378,1466.480019917467614582,48857565.72319588332034883857,0.08812181585492877,0.07015451414091119,0.0795155242710508
2021-03-03,788,1248228917.2178050302,0,0,22.605947656422,11.485710067837124,0.6715902948320741,34043.2258009547,,9.853134029867576,36666,1125,1345,1621.962527617549,55216836.56837144427468067403,1.677802255247025853,57117.80102472553370520094298,0.23908621844199282,8139.266120317141385985326545,2256.644033307249772768,76823442.37825584284993814637,0.08796826074434111,0.07012888987254358,0.07944945927809391